dram_module,sim_num,sim_stat,trans_1bit,trans_1word,trans_1col,trans_1row,trans_1bank,trans_nbank,trans_nrank,perm_1bit,perm_1word,perm_1col,perm_1row,perm_1bank,perm_nbank,perm_nrank,the_straw
4,435,2,0,1,0,0,0,0,0,0,0,0,0,0,0,0,1
14,908,2,0,0,0,0,0,0,0,0,1,0,0,0,0,0,8
1,1375,2,0,1,0,0,0,0,0,0,0,0,0,0,0,0,1
2,1651,2,0,1,0,0,0,0,0,0,0,0,0,0,0,0,1
2,3799,2,0,1,0,0,0,0,0,0,0,0,0,0,0,0,1
9,4751,2,0,1,0,0,0,0,0,0,0,0,0,0,0,0,1
7,5597,2,0,1,0,0,0,0,0,0,0,0,0,0,0,0,1
9,6329,2,0,1,0,0,0,0,0,0,0,0,0,0,0,0,1
15,6934,2,0,1,0,0,0,0,0,0,0,0,0,0,0,0,1
10,7770,2,0,1,0,0,0,0,0,0,0,0,0,0,0,0,1
8,8461,2,0,1,0,0,0,0,0,0,0,0,0,0,0,0,1
10,9241,2,0,0,0,0,0,0,0,0,1,0,0,0,0,0,8
15,11600,2,0,0,0,0,0,0,0,0,1,0,0,0,0,0,8
10,11769,2,0,1,0,0,0,0,0,0,0,0,0,0,0,0,1
5,12095,2,0,1,0,0,0,0,0,0,0,0,0,0,0,0,1
4,12574,2,0,1,0,0,0,0,0,0,0,0,0,0,0,0,1
1,13271,2,0,1,0,0,0,0,0,0,0,0,0,0,0,0,1
15,13719,2,0,0,0,0,0,0,0,0,1,0,0,0,0,0,8
11,13820,2,0,1,0,0,0,0,0,0,0,0,0,0,0,0,1
14,13827,2,0,0,0,0,0,0,0,0,1,0,0,0,0,0,8
1,13964,2,0,1,0,0,0,0,0,0,0,0,0,0,0,0,1
8,14671,2,0,1,0,0,0,0,0,0,0,0,0,0,0,0,1
0,14807,2,0,1,0,0,0,0,0,0,0,0,0,0,0,0,1
3,14855,2,0,1,0,0,0,0,0,0,0,0,0,0,0,0,1
11,15679,2,0,1,0,0,0,0,0,0,0,0,0,0,0,0,1
0,16092,2,0,1,0,0,0,0,0,0,0,0,0,0,0,0,1
0,16264,2,0,1,0,0,0,0,0,0,0,0,0,0,0,0,1
8,16681,2,0,1,0,0,0,0,0,0,0,0,0,0,0,0,1
0,17149,2,0,1,0,0,0,0,0,0,0,0,0,0,0,0,1
6,18542,2,0,1,0,0,0,0,0,0,0,0,0,0,0,0,1
13,18961,2,0,1,0,0,0,0,0,0,0,0,0,0,0,0,1
14,19773,2,0,1,0,0,0,0,0,0,0,0,0,0,0,0,1
6,19869,2,0,1,0,0,0,0,0,0,0,0,0,0,0,0,1
6,21967,2,0,1,0,0,0,0,0,0,0,0,0,0,0,0,1
4,22319,2,0,1,0,0,0,0,0,0,0,0,0,0,0,0,1
12,23474,2,0,1,0,0,0,0,0,0,0,0,0,0,0,0,1
1,23922,2,0,1,0,0,0,0,0,0,0,0,0,0,0,0,1
3,23964,2,0,0,0,0,0,0,0,0,1,0,0,0,0,0,8
9,24044,2,0,1,0,0,0,0,0,0,0,0,0,0,0,0,1
1,24616,2,0,1,0,0,0,0,0,0,0,0,0,0,0,0,1
10,25074,2,0,1,0,0,0,0,0,0,0,0,0,0,0,0,1
4,26564,2,0,1,0,0,0,0,0,0,0,0,0,0,0,0,1
11,27059,2,0,0,0,0,0,0,0,0,1,0,0,0,0,0,8
11,28216,2,0,1,0,0,0,0,0,0,0,0,0,0,0,0,1
13,28219,2,0,1,0,0,0,0,0,0,0,0,0,0,0,0,1
0,28779,2,0,1,0,0,0,0,0,0,0,0,0,0,0,0,1
13,28967,2,0,1,0,0,0,0,0,0,0,0,0,0,0,0,1
6,31138,2,0,0,0,0,0,0,0,0,1,0,0,0,0,0,8
8,31917,2,0,1,0,0,0,0,0,0,0,0,0,0,0,0,1
3,33455,2,0,1,0,0,0,0,0,0,0,0,0,0,0,0,1
8,33664,2,0,0,0,0,0,0,0,0,1,0,0,0,0,0,8
3,34426,2,0,1,0,0,0,0,0,0,0,0,0,0,0,0,1
8,34735,2,0,1,0,0,0,0,0,0,0,0,0,0,0,0,1
8,36109,2,0,1,0,0,0,0,0,0,0,0,0,0,0,0,1
4,36264,2,0,1,0,0,0,0,0,0,0,0,0,0,0,0,1
8,36744,2,0,0,0,0,0,0,0,0,1,0,0,0,0,0,8
10,36829,2,0,1,0,0,0,0,0,0,0,0,0,0,0,0,1
0,36888,2,0,1,0,0,0,0,0,0,0,0,0,0,0,0,1
8,36892,2,0,1,0,0,0,0,0,0,0,0,0,0,0,0,1
3,37910,2,0,0,0,0,0,0,0,0,1,0,0,0,0,0,8
7,38592,2,0,1,0,0,0,0,0,0,0,0,0,0,0,0,1
10,39597,2,0,1,0,0,0,0,0,0,0,0,0,0,0,0,1
2,40633,2,0,1,0,0,0,0,0,0,0,0,0,0,0,0,1
6,40732,2,0,1,0,0,0,0,0,0,0,0,0,0,0,0,1
6,42053,2,0,1,0,0,0,0,0,0,0,0,0,0,0,0,1
8,42761,2,0,1,0,0,0,0,0,0,0,0,0,0,0,0,1
3,43397,2,0,1,0,0,0,0,0,0,0,0,0,0,0,0,1
15,44501,2,0,0,0,0,0,0,0,0,1,0,0,0,0,0,8
1,46746,2,0,0,0,0,0,0,0,0,1,0,0,0,0,0,8
6,46901,2,0,1,0,0,0,0,0,0,0,0,0,0,0,0,1
7,46966,2,0,1,0,0,0,0,0,0,0,0,0,0,0,0,1
2,47680,2,0,1,0,0,0,0,0,0,0,0,0,0,0,0,1
15,47934,2,0,1,0,0,0,0,0,0,0,0,0,0,0,0,1
4,48158,2,0,1,0,0,0,0,0,0,0,0,0,0,0,0,1
4,48410,2,0,1,0,0,0,0,0,0,0,0,0,0,0,0,1
9,48651,2,0,1,0,0,0,0,0,0,0,0,0,0,0,0,1
3,48794,2,0,0,0,0,0,0,0,0,1,0,0,0,0,0,8
0,48983,2,0,1,0,0,0,0,0,0,0,0,0,0,0,0,1
0,49396,2,0,0,0,0,0,0,0,0,1,0,0,0,0,0,8
0,50295,2,0,1,0,0,0,0,0,0,0,0,0,0,0,0,1
5,50964,2,0,1,0,0,0,0,0,0,0,0,0,0,0,0,1
5,51655,2,0,1,0,0,0,0,0,0,0,0,0,0,0,0,1
15,52129,2,0,1,0,0,0,0,0,0,0,0,0,0,0,0,1
11,52582,2,0,1,0,0,0,0,0,0,0,0,0,0,0,0,1
1,53057,2,0,1,0,0,0,0,0,0,0,0,0,0,0,0,1
2,55225,2,0,1,0,0,0,0,0,0,0,0,0,0,0,0,1
3,55263,2,0,0,0,0,0,0,0,0,1,0,0,0,0,0,8
3,55428,2,0,1,0,0,0,0,0,0,0,0,0,0,0,0,1
3,55453,2,0,1,0,0,0,0,0,0,0,0,0,0,0,0,1
6,55737,2,0,1,0,0,0,0,0,0,0,0,0,0,0,0,1
10,56013,2,0,1,0,0,0,0,0,0,0,0,0,0,0,0,1
4,56035,2,0,1,0,0,0,0,0,0,0,0,0,0,0,0,1
7,56627,2,0,0,0,0,0,0,0,0,1,0,0,0,0,0,8
11,56789,2,0,1,0,0,0,0,0,0,0,0,0,0,0,0,1
9,57080,2,0,1,0,0,0,0,0,0,0,0,0,0,0,0,1
5,57800,2,0,1,0,0,0,0,0,0,0,0,0,0,0,0,1
13,59369,2,0,1,0,0,0,0,0,0,0,0,0,0,0,0,1
11,59920,2,0,1,0,0,0,0,0,0,0,0,0,0,0,0,1
13,60212,2,0,1,0,0,0,0,0,0,0,0,0,0,0,0,1
6,61988,2,0,1,0,0,0,0,0,0,0,0,0,0,0,0,1
4,62862,2,0,1,0,0,0,0,0,0,0,0,0,0,0,0,1
9,64375,2,0,1,0,0,0,0,0,0,0,0,0,0,0,0,1
0,64724,2,0,1,0,0,0,0,0,0,0,0,0,0,0,0,1
12,65941,2,0,0,0,0,0,0,0,0,1,0,0,0,0,0,8
6,66811,2,0,1,0,0,0,0,0,0,0,0,0,0,0,0,1
2,67950,2,0,1,0,0,0,0,0,0,0,0,0,0,0,0,1
14,69025,2,0,1,0,0,0,0,0,0,0,0,0,0,0,0,1
12,69135,2,0,0,0,0,0,0,0,0,1,0,0,0,0,0,8
9,70149,2,0,1,0,0,0,0,0,0,0,0,0,0,0,0,1
9,70299,2,0,0,0,0,0,0,0,0,1,0,0,0,0,0,8
12,70528,2,0,1,0,0,0,0,0,0,0,0,0,0,0,0,1
11,70983,2,0,1,0,0,0,0,0,0,0,0,0,0,0,0,1
4,71496,2,0,1,0,0,0,0,0,0,0,0,0,0,0,0,1
15,71711,2,0,1,0,0,0,0,0,0,0,0,0,0,0,0,1
4,72448,2,0,1,0,0,0,0,0,0,0,0,0,0,0,0,1
7,72801,2,0,1,0,0,0,0,0,0,0,0,0,0,0,0,1
3,75206,2,0,1,0,0,0,0,0,0,0,0,0,0,0,0,1
13,75267,2,0,1,0,0,0,0,0,0,0,0,0,0,0,0,1
5,75517,2,0,1,0,0,0,0,0,0,0,0,0,0,0,0,1
5,76541,2,0,1,0,0,0,0,0,0,0,0,0,0,0,0,1
5,77272,2,0,1,0,0,0,0,0,0,0,0,0,0,0,0,1
6,77897,2,0,1,0,0,0,0,0,0,0,0,0,0,0,0,1
2,79637,2,0,1,0,0,0,0,0,0,0,0,0,0,0,0,1
10,80567,2,0,1,0,0,0,0,0,0,0,0,0,0,0,0,1
0,81700,2,0,1,0,0,0,0,0,0,0,0,0,0,0,0,1
11,81934,2,0,1,0,0,0,0,0,0,0,0,0,0,0,0,1
13,83316,2,0,0,0,0,0,0,0,0,1,0,0,0,0,0,8
1,83556,2,0,1,0,0,0,0,0,0,0,0,0,0,0,0,1
6,84383,2,0,0,0,0,0,0,0,0,1,0,0,0,0,0,8
0,84571,2,0,1,0,0,0,0,0,0,0,0,0,0,0,0,1
4,86049,2,0,1,0,0,0,0,0,0,0,0,0,0,0,0,1
1,86830,2,0,1,0,0,0,0,0,0,0,0,0,0,0,0,1
4,87132,2,0,1,0,0,0,0,0,0,0,0,0,0,0,0,1
4,87766,2,0,1,0,0,0,0,0,0,0,0,0,0,0,0,1
12,88932,2,0,0,0,0,0,0,0,0,1,0,0,0,0,0,8
15,89156,2,0,0,0,0,0,0,0,0,1,0,0,0,0,0,8
3,89203,2,0,1,0,0,0,0,0,0,0,0,0,0,0,0,1
10,90766,2,0,0,0,0,0,0,0,0,1,0,0,0,0,0,8
9,91573,2,0,1,0,0,0,0,0,0,0,0,0,0,0,0,1
5,91961,2,0,1,0,0,0,0,0,0,0,0,0,0,0,0,1
7,92656,2,0,1,0,0,0,0,0,0,0,0,0,0,0,0,1
12,92798,2,0,1,0,0,0,0,0,0,0,0,0,0,0,0,1
5,93303,2,0,0,0,0,0,0,0,0,1,0,0,0,0,0,8
3,93561,2,0,1,0,0,0,0,0,0,0,0,0,0,0,0,1
3,94802,2,0,1,0,0,0,0,0,0,0,0,0,0,0,0,1
10,94923,2,0,1,0,0,0,0,0,0,0,0,0,0,0,0,1
7,94943,2,0,0,0,0,0,0,0,0,1,0,0,0,0,0,8
6,95331,2,0,1,0,0,0,0,0,0,0,0,0,0,0,0,1
12,95412,2,0,1,0,0,0,0,0,0,0,0,0,0,0,0,1
5,95880,2,0,0,0,0,0,0,0,0,1,0,0,0,0,0,8
5,96137,2,0,0,0,0,0,0,0,0,1,0,0,0,0,0,8
15,97140,2,0,1,0,0,0,0,0,0,0,0,0,0,0,0,1
14,97975,2,0,1,0,0,0,0,0,0,0,0,0,0,0,0,1
6,98638,2,0,1,0,0,0,0,0,0,0,0,0,0,0,0,1
8,98902,2,0,1,0,0,0,0,0,0,0,0,0,0,0,0,1
6,99835,2,0,1,0,0,0,0,0,0,0,0,0,0,0,0,1
7,99870,2,0,0,0,0,0,0,0,0,1,0,0,0,0,0,8
9,100477,2,0,1,0,0,0,0,0,0,0,0,0,0,0,0,1
0,101229,2,0,1,0,0,0,0,0,0,0,0,0,0,0,0,1
7,101860,2,0,0,0,0,0,0,0,0,1,0,0,0,0,0,8
11,101935,2,0,1,0,0,0,0,0,0,0,0,0,0,0,0,1
1,102072,2,0,1,0,0,0,0,0,0,0,0,0,0,0,0,1
4,102474,2,0,1,0,0,0,0,0,0,0,0,0,0,0,0,1
2,103213,2,0,1,0,0,0,0,0,0,0,0,0,0,0,0,1
1,103273,2,0,1,0,0,0,0,0,0,0,0,0,0,0,0,1
13,103381,2,0,1,0,0,0,0,0,0,0,0,0,0,0,0,1
6,103627,2,0,1,0,0,0,0,0,0,0,0,0,0,0,0,1
2,103829,2,0,1,0,0,0,0,0,0,0,0,0,0,0,0,1
12,104007,2,0,1,0,0,0,0,0,0,0,0,0,0,0,0,1
5,104571,2,0,1,0,0,0,0,0,0,0,0,0,0,0,0,1
13,104803,2,0,0,0,0,0,0,0,0,1,0,0,0,0,0,8
12,105070,2,0,1,0,0,0,0,0,0,0,0,0,0,0,0,1
3,106340,2,0,1,0,0,0,0,0,0,0,0,0,0,0,0,1
9,106871,2,0,1,0,0,0,0,0,0,0,0,0,0,0,0,1
2,107590,2,0,0,0,0,0,0,0,0,1,0,0,0,0,0,8
8,108803,2,0,1,0,0,0,0,0,0,0,0,0,0,0,0,1
5,108877,2,0,1,0,0,0,0,0,0,0,0,0,0,0,0,1
14,109272,2,0,1,0,0,0,0,0,0,0,0,0,0,0,0,1
1,109589,2,0,1,0,0,0,0,0,0,0,0,0,0,0,0,1
9,109846,2,0,1,0,0,0,0,0,0,0,0,0,0,0,0,1
12,110258,2,0,1,0,0,0,0,0,0,0,0,0,0,0,0,1
6,111008,2,0,1,0,0,0,0,0,0,0,0,0,0,0,0,1
11,111594,2,0,1,0,0,0,0,0,0,0,0,0,0,0,0,1
1,111755,2,0,1,0,0,0,0,0,0,0,0,0,0,0,0,1
11,112392,2,0,1,0,0,0,0,0,0,0,0,0,0,0,0,1
1,113511,2,0,1,0,0,0,0,0,0,0,0,0,0,0,0,1
9,113666,2,0,1,0,0,0,0,0,0,0,0,0,0,0,0,1
5,114467,2,0,1,0,0,0,0,0,0,0,0,0,0,0,0,1
4,114988,2,0,0,0,0,0,0,0,0,1,0,0,0,0,0,8
2,116178,2,0,1,0,0,0,0,0,0,0,0,0,0,0,0,1
8,116603,2,0,0,0,0,0,0,0,0,1,0,0,0,0,0,8
5,117396,2,0,1,0,0,0,0,0,0,0,0,0,0,0,0,1
4,119855,2,0,1,0,0,0,0,0,0,0,0,0,0,0,0,1
15,120104,2,0,1,0,0,0,0,0,0,0,0,0,0,0,0,1
2,120569,2,0,1,0,0,0,0,0,0,0,0,0,0,0,0,1
2,121224,2,0,1,0,0,0,0,0,0,0,0,0,0,0,0,1
11,121378,2,0,0,0,0,0,0,0,0,1,0,0,0,0,0,8
6,121479,2,0,1,0,0,0,0,0,0,0,0,0,0,0,0,1
3,121725,2,0,1,0,0,0,0,0,0,0,0,0,0,0,0,1
4,122314,2,0,1,0,0,0,0,0,0,0,0,0,0,0,0,1
3,122547,2,0,1,0,0,0,0,0,0,0,0,0,0,0,0,1
13,123037,2,0,1,0,0,0,0,0,0,0,0,0,0,0,0,1
13,123888,2,0,1,0,0,0,0,0,0,0,0,0,0,0,0,1
9,124372,2,0,1,0,0,0,0,0,0,0,0,0,0,0,0,1
6,124719,2,0,1,0,0,0,0,0,0,0,0,0,0,0,0,1
15,124866,2,0,1,0,0,0,0,0,0,0,0,0,0,0,0,1
3,124903,2,0,0,0,0,0,0,0,0,1,0,0,0,0,0,8
5,125237,2,0,1,0,0,0,0,0,0,0,0,0,0,0,0,1
9,125747,2,0,1,0,0,0,0,0,0,0,0,0,0,0,0,1
1,126631,2,0,1,0,0,0,0,0,0,0,0,0,0,0,0,1
11,127109,2,0,1,0,0,0,0,0,0,0,0,0,0,0,0,1
11,127571,2,0,0,0,0,0,0,0,0,1,0,0,0,0,0,8
9,128370,2,0,1,0,0,0,0,0,0,0,0,0,0,0,0,1
1,128820,2,0,1,0,0,0,0,0,0,0,0,0,0,0,0,1
0,129522,2,0,1,0,0,0,0,0,0,0,0,0,0,0,0,1
6,130201,2,0,0,0,0,0,0,0,0,1,0,0,0,0,0,8
6,130419,2,0,0,0,0,0,0,0,0,1,0,0,0,0,0,8
2,130619,2,0,1,0,0,0,0,0,0,0,0,0,0,0,0,1
7,130625,2,0,1,0,0,0,0,0,0,0,0,0,0,0,0,1
4,130770,2,0,1,0,0,0,0,0,0,0,0,0,0,0,0,1
15,130772,2,0,1,0,0,0,0,0,0,0,0,0,0,0,0,1
4,131070,2,0,1,0,0,0,0,0,0,0,0,0,0,0,0,1
3,131577,2,0,1,0,0,0,0,0,0,0,0,0,0,0,0,1
12,131634,2,0,1,0,0,0,0,0,0,0,0,0,0,0,0,1
2,132533,2,0,0,0,0,0,0,0,0,1,0,0,0,0,0,8
12,132594,2,0,1,0,0,0,0,0,0,0,0,0,0,0,0,1
9,132659,2,0,1,0,0,0,0,0,0,0,0,0,0,0,0,1
9,132972,2,0,1,0,0,0,0,0,0,0,0,0,0,0,0,1
3,134583,2,0,1,0,0,0,0,0,0,0,0,0,0,0,0,1
8,135135,2,0,0,0,0,0,0,0,0,1,0,0,0,0,0,8
7,135521,2,0,1,0,0,0,0,0,0,0,0,0,0,0,0,1
3,135668,2,0,1,0,0,0,0,0,0,0,0,0,0,0,0,1
7,138250,2,0,1,0,0,0,0,0,0,0,0,0,0,0,0,1
13,140546,2,0,0,0,0,0,0,0,0,1,0,0,0,0,0,8
12,140653,2,0,1,0,0,0,0,0,0,0,0,0,0,0,0,1
12,140879,2,0,1,0,0,0,0,0,0,0,0,0,0,0,0,1
6,140912,2,0,1,0,0,0,0,0,0,0,0,0,0,0,0,1
11,141159,2,0,1,0,0,0,0,0,0,0,0,0,0,0,0,1
15,141591,2,0,1,0,0,0,0,0,0,0,0,0,0,0,0,1
10,142630,2,0,1,0,0,0,0,0,0,0,0,0,0,0,0,1
2,142923,2,0,1,0,0,0,0,0,0,0,0,0,0,0,0,1
10,144020,2,0,1,0,0,0,0,0,0,0,0,0,0,0,0,1
1,144959,2,0,0,0,0,0,0,0,0,1,0,0,0,0,0,8
2,146722,2,0,1,0,0,0,0,0,0,0,0,0,0,0,0,1
14,146891,2,0,1,0,0,0,0,0,0,0,0,0,0,0,0,1
14,146998,2,0,1,0,0,0,0,0,0,0,0,0,0,0,0,1
4,147328,2,0,1,0,0,0,0,0,0,0,0,0,0,0,0,1
8,147455,2,0,1,0,0,0,0,0,0,0,0,0,0,0,0,1
9,147627,2,0,1,0,0,0,0,0,0,0,0,0,0,0,0,1
8,148935,2,0,0,0,0,0,0,0,0,1,0,0,0,0,0,8
7,149020,2,0,1,0,0,0,0,0,0,0,0,0,0,0,0,1
7,149329,2,0,1,0,0,0,0,0,0,0,0,0,0,0,0,1
13,150079,2,0,1,0,0,0,0,0,0,0,0,0,0,0,0,1
4,150252,2,0,1,0,0,0,0,0,0,0,0,0,0,0,0,1
12,150740,2,0,1,0,0,0,0,0,0,0,0,0,0,0,0,1
0,152109,2,0,1,0,0,0,0,0,0,0,0,0,0,0,0,1
7,152975,2,0,0,0,0,0,0,0,0,1,0,0,0,0,0,8
12,154175,2,0,0,0,0,0,0,0,0,1,0,0,0,0,0,8
8,154979,2,0,1,0,0,0,0,0,0,0,0,0,0,0,0,1
2,155873,2,0,1,0,0,0,0,0,0,0,0,0,0,0,0,1
15,156570,2,0,1,0,0,0,0,0,0,0,0,0,0,0,0,1
10,156592,2,0,0,0,0,0,0,0,0,1,0,0,0,0,0,8
5,157951,2,0,1,0,0,0,0,0,0,0,0,0,0,0,0,1
5,158158,2,0,0,0,0,0,0,0,0,1,0,0,0,0,0,8
4,158462,2,0,1,0,0,0,0,0,0,0,0,0,0,0,0,1
9,159391,2,0,0,0,0,0,0,0,0,1,0,0,0,0,0,8
3,159477,2,0,0,0,0,0,0,0,0,1,0,0,0,0,0,8
7,159498,2,0,1,0,0,0,0,0,0,0,0,0,0,0,0,1
14,159887,2,0,1,0,0,0,0,0,0,0,0,0,0,0,0,1
6,160507,2,0,1,0,0,0,0,0,0,0,0,0,0,0,0,1
2,161474,2,0,1,0,0,0,0,0,0,0,0,0,0,0,0,1
12,161493,2,0,1,0,0,0,0,0,0,0,0,0,0,0,0,1
7,161679,2,0,1,0,0,0,0,0,0,0,0,0,0,0,0,1
13,164084,2,0,0,0,0,0,0,0,0,1,0,0,0,0,0,8
2,164354,2,0,1,0,0,0,0,0,0,0,0,0,0,0,0,1
8,164400,2,0,0,0,0,0,0,0,0,1,0,0,0,0,0,8
3,164406,2,0,1,0,0,0,0,0,0,0,0,0,0,0,0,1
2,164937,2,0,1,0,0,0,0,0,0,0,0,0,0,0,0,1
11,165001,2,0,0,0,0,0,0,0,0,1,0,0,0,0,0,8
4,165473,2,0,0,0,0,0,0,0,0,1,0,0,0,0,0,8
8,166443,2,0,1,0,0,0,0,0,0,0,0,0,0,0,0,1
14,167666,2,0,0,0,0,0,0,0,0,1,0,0,0,0,0,8
11,169116,2,0,1,0,0,0,0,0,0,0,0,0,0,0,0,1
4,170188,2,0,0,0,0,0,0,0,0,1,0,0,0,0,0,8
4,170920,2,0,1,0,0,0,0,0,0,0,0,0,0,0,0,1
13,171119,2,0,1,0,0,0,0,0,0,0,0,0,0,0,0,1
11,172848,2,0,1,0,0,0,0,0,0,0,0,0,0,0,0,1
13,174575,2,0,1,0,0,0,0,0,0,0,0,0,0,0,0,1
10,174984,2,0,1,0,0,0,0,0,0,0,0,0,0,0,0,1
14,175162,2,0,0,0,0,0,0,0,0,1,0,0,0,0,0,8
10,175635,2,0,0,0,0,0,0,0,0,1,0,0,0,0,0,8
2,176099,2,0,1,0,0,0,0,0,0,0,0,0,0,0,0,1
9,176819,2,0,1,0,0,0,0,0,0,0,0,0,0,0,0,1
2,177868,2,0,0,0,0,0,0,0,0,1,0,0,0,0,0,8
0,177997,2,0,1,0,0,0,0,0,0,0,0,0,0,0,0,1
12,178131,2,0,0,0,0,0,0,0,0,1,0,0,0,0,0,8
5,178503,2,0,1,0,0,0,0,0,0,0,0,0,0,0,0,1
0,178907,2,0,1,0,0,0,0,0,0,0,0,0,0,0,0,1
1,179476,2,0,1,0,0,0,0,0,0,0,0,0,0,0,0,1
3,181563,2,0,1,0,0,0,0,0,0,0,0,0,0,0,0,1
15,181960,2,0,1,0,0,0,0,0,0,0,0,0,0,0,0,1
10,183291,2,0,1,0,0,0,0,0,0,0,0,0,0,0,0,1
15,184565,2,0,1,0,0,0,0,0,0,0,0,0,0,0,0,1
3,184970,2,0,1,0,0,0,0,0,0,0,0,0,0,0,0,1
1,185239,2,0,0,0,0,0,0,0,0,1,0,0,0,0,0,8
6,185914,2,0,1,0,0,0,0,0,0,0,0,0,0,0,0,1
5,186393,2,0,0,0,0,0,0,0,0,1,0,0,0,0,0,8
13,187910,2,0,0,0,0,0,0,0,0,1,0,0,0,0,0,8
15,188142,2,0,1,0,0,0,0,0,0,0,0,0,0,0,0,1
4,188153,2,0,1,0,0,0,0,0,0,0,0,0,0,0,0,1
5,188324,2,0,0,0,0,0,0,0,0,1,0,0,0,0,0,8
6,188461,2,0,0,0,0,0,0,0,0,1,0,0,0,0,0,8
2,188614,2,0,1,0,0,0,0,0,0,0,0,0,0,0,0,1
0,189158,2,0,1,0,0,0,0,0,0,0,0,0,0,0,0,1
0,190298,2,0,1,0,0,0,0,0,0,0,0,0,0,0,0,1
15,190887,2,0,1,0,0,0,0,0,0,0,0,0,0,0,0,1
2,191538,2,0,0,0,0,0,0,0,0,1,0,0,0,0,0,8
14,191596,2,0,1,0,0,0,0,0,0,0,0,0,0,0,0,1
13,192981,2,0,1,0,0,0,0,0,0,0,0,0,0,0,0,1
4,193397,2,0,1,0,0,0,0,0,0,0,0,0,0,0,0,1
9,193755,2,0,1,0,0,0,0,0,0,0,0,0,0,0,0,1
8,194304,2,0,1,0,0,0,0,0,0,0,0,0,0,0,0,1
7,194426,2,0,1,0,0,0,0,0,0,0,0,0,0,0,0,1
5,195405,2,0,1,0,0,0,0,0,0,0,0,0,0,0,0,1
2,195743,2,0,1,0,0,0,0,0,0,0,0,0,0,0,0,1
4,195960,2,0,1,0,0,0,0,0,0,0,0,0,0,0,0,1
14,196115,2,0,1,0,0,0,0,0,0,0,0,0,0,0,0,1
1,196290,2,0,1,0,0,0,0,0,0,0,0,0,0,0,0,1
15,196424,2,0,1,0,0,0,0,0,0,0,0,0,0,0,0,1
11,197026,2,0,1,0,0,0,0,0,0,0,0,0,0,0,0,1
11,197226,2,0,1,0,0,0,0,0,0,0,0,0,0,0,0,1
3,197959,2,0,1,0,0,0,0,0,0,0,0,0,0,0,0,1
4,198276,2,0,1,0,0,0,0,0,0,0,0,0,0,0,0,1
13,198459,2,0,1,0,0,0,0,0,0,0,0,0,0,0,0,1
8,199402,2,0,0,0,0,0,0,0,0,1,0,0,0,0,0,8
9,200610,2,0,1,0,0,0,0,0,0,0,0,0,0,0,0,1
6,200643,2,0,1,0,0,0,0,0,0,0,0,0,0,0,0,1
9,201189,2,0,1,0,0,0,0,0,0,0,0,0,0,0,0,1
9,202647,2,0,0,0,0,0,0,0,0,1,0,0,0,0,0,8
0,203061,2,0,0,0,0,0,0,0,0,1,0,0,0,0,0,8
4,203158,2,0,0,0,0,0,0,0,0,1,0,0,0,0,0,8
13,203411,2,0,1,0,0,0,0,0,0,0,0,0,0,0,0,1
9,203594,2,0,1,0,0,0,0,0,0,0,0,0,0,0,0,1
0,204227,2,0,1,0,0,0,0,0,0,0,0,0,0,0,0,1
9,204872,2,0,1,0,0,0,0,0,0,0,0,0,0,0,0,1
11,205206,2,0,1,0,0,0,0,0,0,0,0,0,0,0,0,1
15,205410,2,0,1,0,0,0,0,0,0,0,0,0,0,0,0,1
13,205436,2,0,1,0,0,0,0,0,0,0,0,0,0,0,0,1
12,205561,2,0,0,0,0,0,0,0,0,1,0,0,0,0,0,8
0,205612,2,0,1,0,0,0,0,0,0,0,0,0,0,0,0,1
3,205730,2,0,1,0,0,0,0,0,0,0,0,0,0,0,0,1
2,207096,2,0,1,0,0,0,0,0,0,0,0,0,0,0,0,1
12,207194,2,0,1,0,0,0,0,0,0,0,0,0,0,0,0,1
9,207543,2,0,1,0,0,0,0,0,0,0,0,0,0,0,0,1
5,208337,2,0,1,0,0,0,0,0,0,0,0,0,0,0,0,1
13,208406,2,0,1,0,0,0,0,0,0,0,0,0,0,0,0,1
5,208488,2,0,1,0,0,0,0,0,0,0,0,0,0,0,0,1
13,208872,2,0,1,0,0,0,0,0,0,0,0,0,0,0,0,1
11,211479,2,0,1,0,0,0,0,0,0,0,0,0,0,0,0,1
5,211566,2,0,1,0,0,0,0,0,0,0,0,0,0,0,0,1
13,211740,2,0,1,0,0,0,0,0,0,0,0,0,0,0,0,1
5,212176,2,0,1,0,0,0,0,0,0,0,0,0,0,0,0,1
4,212675,2,0,1,0,0,0,0,0,0,0,0,0,0,0,0,1
1,213715,2,0,1,0,0,0,0,0,0,0,0,0,0,0,0,1
9,214557,2,0,1,0,0,0,0,0,0,0,0,0,0,0,0,1
15,214642,2,0,1,0,0,0,0,0,0,0,0,0,0,0,0,1
11,214970,2,0,1,0,0,0,0,0,0,0,0,0,0,0,0,1
13,214980,2,0,1,0,0,0,0,0,0,0,0,0,0,0,0,1
8,215072,2,0,1,0,0,0,0,0,0,0,0,0,0,0,0,1
13,215531,2,0,1,0,0,0,0,0,0,0,0,0,0,0,0,1
6,216136,2,0,1,0,0,0,0,0,0,0,0,0,0,0,0,1
14,216171,2,0,1,0,0,0,0,0,0,0,0,0,0,0,0,1
9,216200,2,0,1,0,0,0,0,0,0,0,0,0,0,0,0,1
3,216317,2,0,1,0,0,0,0,0,0,0,0,0,0,0,0,1
0,219696,2,0,0,0,0,0,0,0,0,1,0,0,0,0,0,8
14,219800,2,0,1,0,0,0,0,0,0,0,0,0,0,0,0,1
11,220442,2,0,1,0,0,0,0,0,0,0,0,0,0,0,0,1
6,220708,2,0,1,0,0,0,0,0,0,0,0,0,0,0,0,1
14,221686,2,0,0,0,0,0,0,0,0,1,0,0,0,0,0,8
4,221976,2,0,1,0,0,0,0,0,0,0,0,0,0,0,0,1
5,222323,2,0,1,0,0,0,0,0,0,0,0,0,0,0,0,1
5,222937,2,0,1,0,0,0,0,0,0,0,0,0,0,0,0,1
6,223395,2,0,1,0,0,0,0,0,0,0,0,0,0,0,0,1
13,223407,2,0,1,0,0,0,0,0,0,0,0,0,0,0,0,1
9,224928,2,0,1,0,0,0,0,0,0,0,0,0,0,0,0,1
3,225542,2,0,1,0,0,0,0,0,0,0,0,0,0,0,0,1
8,226473,2,0,0,0,0,0,0,0,0,1,0,0,0,0,0,8
0,228160,2,0,1,0,0,0,0,0,0,0,0,0,0,0,0,1
1,228713,2,0,1,0,0,0,0,0,0,0,0,0,0,0,0,1
9,229883,2,0,1,0,0,0,0,0,0,0,0,0,0,0,0,1
14,230288,2,0,1,0,0,0,0,0,0,0,0,0,0,0,0,1
12,230454,2,0,0,0,0,0,0,0,0,1,0,0,0,0,0,8
13,231854,2,0,0,0,0,0,0,0,0,1,0,0,0,0,0,8
6,232081,2,0,1,0,0,0,0,0,0,0,0,0,0,0,0,1
10,233022,2,0,1,0,0,0,0,0,0,0,0,0,0,0,0,1
1,233077,2,0,1,0,0,0,0,0,0,0,0,0,0,0,0,1
9,233797,2,0,1,0,0,0,0,0,0,0,0,0,0,0,0,1
8,235401,2,0,1,0,0,0,0,0,0,0,0,0,0,0,0,1
4,235748,2,0,1,0,0,0,0,0,0,0,0,0,0,0,0,1
13,236028,2,0,1,0,0,0,0,0,0,0,0,0,0,0,0,1
13,236139,2,0,1,0,0,0,0,0,0,0,0,0,0,0,0,1
13,236920,2,0,1,0,0,0,0,0,0,0,0,0,0,0,0,1
8,238081,2,0,1,0,0,0,0,0,0,0,0,0,0,0,0,1
10,240884,2,0,1,0,0,0,0,0,0,0,0,0,0,0,0,1
8,241184,2,0,1,0,0,0,0,0,0,0,0,0,0,0,0,1
1,241532,2,0,1,0,0,0,0,0,0,0,0,0,0,0,0,1
10,242645,2,0,1,0,0,0,0,0,0,0,0,0,0,0,0,1
13,242944,2,0,0,0,0,0,0,0,0,1,0,0,0,0,0,8
11,244057,2,0,1,0,0,0,0,0,0,0,0,0,0,0,0,1
12,244951,2,0,1,0,0,0,0,0,0,0,0,0,0,0,0,1
6,245302,2,0,1,0,0,0,0,0,0,0,0,0,0,0,0,1
11,246109,2,0,1,0,0,0,0,0,0,0,0,0,0,0,0,1
8,246357,2,0,0,0,0,0,0,0,0,1,0,0,0,0,0,8
6,246566,2,0,1,0,0,0,0,0,0,0,0,0,0,0,0,1
14,247432,2,0,1,0,0,0,0,0,0,0,0,0,0,0,0,1
11,248126,2,0,0,0,0,0,0,0,0,1,0,0,0,0,0,8
8,249205,2,0,1,0,0,0,0,0,0,0,0,0,0,0,0,1
11,250035,2,0,1,0,0,0,0,0,0,0,0,0,0,0,0,1
4,251131,2,0,1,0,0,0,0,0,0,0,0,0,0,0,0,1
10,251647,2,0,1,0,0,0,0,0,0,0,0,0,0,0,0,1
6,251918,2,0,0,0,0,0,0,0,0,1,0,0,0,0,0,8
5,252588,2,0,1,0,0,0,0,0,0,0,0,0,0,0,0,1
11,252766,2,0,1,0,0,0,0,0,0,0,0,0,0,0,0,1
4,252912,2,0,1,0,0,0,0,0,0,0,0,0,0,0,0,1
14,253045,2,0,1,0,0,0,0,0,0,0,0,0,0,0,0,1
12,254303,2,0,1,0,0,0,0,0,0,0,0,0,0,0,0,1
8,254556,2,0,1,0,0,0,0,0,0,0,0,0,0,0,0,1
10,254768,2,0,1,0,0,0,0,0,0,0,0,0,0,0,0,1
4,255193,2,0,1,0,0,0,0,0,0,0,0,0,0,0,0,1
7,256055,2,0,1,0,0,0,0,0,0,0,0,0,0,0,0,1
3,259596,2,0,1,0,0,0,0,0,0,0,0,0,0,0,0,1
11,260062,2,0,1,0,0,0,0,0,0,0,0,0,0,0,0,1
14,260063,2,0,1,0,0,0,0,0,0,0,0,0,0,0,0,1
5,261565,2,0,0,0,0,0,0,0,0,1,0,0,0,0,0,8
2,262226,2,0,1,0,0,0,0,0,0,0,0,0,0,0,0,1
6,262656,2,0,0,0,0,0,0,0,0,1,0,0,0,0,0,8
3,263697,2,0,1,0,0,0,0,0,0,0,0,0,0,0,0,1
3,264139,2,0,1,0,0,0,0,0,0,0,0,0,0,0,0,1
5,264602,2,0,1,0,0,0,0,0,0,0,0,0,0,0,0,1
3,264871,2,0,0,0,0,0,0,0,0,1,0,0,0,0,0,8
6,265976,2,0,1,0,0,0,0,0,0,0,0,0,0,0,0,1
14,266803,2,0,1,0,0,0,0,0,0,0,0,0,0,0,0,1
1,267733,2,0,1,0,0,0,0,0,0,0,0,0,0,0,0,1
6,268318,2,0,1,0,0,0,0,0,0,0,0,0,0,0,0,1
12,269761,2,0,1,0,0,0,0,0,0,0,0,0,0,0,0,1
15,270360,2,0,1,0,0,0,0,0,0,0,0,0,0,0,0,1
6,270752,2,0,1,0,0,0,0,0,0,0,0,0,0,0,0,1
14,270894,2,0,1,0,0,0,0,0,0,0,0,0,0,0,0,1
2,271012,2,0,1,0,0,0,0,0,0,0,0,0,0,0,0,1
2,271058,2,0,1,0,0,0,0,0,0,0,0,0,0,0,0,1
9,272203,2,0,1,0,0,0,0,0,0,0,0,0,0,0,0,1
11,273535,2,0,1,0,0,0,0,0,0,0,0,0,0,0,0,1
14,273830,2,0,0,0,0,0,0,0,0,1,0,0,0,0,0,8
3,274210,2,0,1,0,0,0,0,0,0,0,0,0,0,0,0,1
7,278260,2,0,1,0,0,0,0,0,0,0,0,0,0,0,0,1
2,278376,2,0,1,0,0,0,0,0,0,0,0,0,0,0,0,1
15,278501,2,0,0,0,0,0,0,0,0,1,0,0,0,0,0,8
0,278533,2,0,0,0,0,0,0,0,0,1,0,0,0,0,0,8
2,278764,2,0,1,0,0,0,0,0,0,0,0,0,0,0,0,1
13,279054,2,0,1,0,0,0,0,0,0,0,0,0,0,0,0,1
12,279373,2,0,0,0,0,0,0,0,0,1,0,0,0,0,0,8
7,280183,2,0,1,0,0,0,0,0,0,0,0,0,0,0,0,1
12,280566,2,0,1,0,0,0,0,0,0,0,0,0,0,0,0,1
8,282273,2,0,1,0,0,0,0,0,0,0,0,0,0,0,0,1
15,282822,2,0,1,0,0,0,0,0,0,0,0,0,0,0,0,1
9,282976,2,0,1,0,0,0,0,0,0,0,0,0,0,0,0,1
6,285097,2,0,1,0,0,0,0,0,0,0,0,0,0,0,0,1
14,285480,2,0,1,0,0,0,0,0,0,0,0,0,0,0,0,1
14,285716,2,0,1,0,0,0,0,0,0,0,0,0,0,0,0,1
7,285972,2,0,1,0,0,0,0,0,0,0,0,0,0,0,0,1
14,286307,2,0,1,0,0,0,0,0,0,0,0,0,0,0,0,1
10,286415,2,0,1,0,0,0,0,0,0,0,0,0,0,0,0,1
13,286548,2,0,0,0,0,0,0,0,0,1,0,0,0,0,0,8
0,287420,2,0,0,0,0,0,0,0,0,1,0,0,0,0,0,8
15,288031,2,0,1,0,0,0,0,0,0,0,0,0,0,0,0,1
9,288285,2,0,1,0,0,0,0,0,0,0,0,0,0,0,0,1
7,289496,2,0,0,0,0,0,0,0,0,1,0,0,0,0,0,8
9,289714,2,0,1,0,0,0,0,0,0,0,0,0,0,0,0,1
13,289952,2,0,1,0,0,0,0,0,0,0,0,0,0,0,0,1
0,290128,2,0,1,0,0,0,0,0,0,0,0,0,0,0,0,1
4,290424,2,0,1,0,0,0,0,0,0,0,0,0,0,0,0,1
15,292164,2,0,1,0,0,0,0,0,0,0,0,0,0,0,0,1
6,294598,2,0,1,0,0,0,0,0,0,0,0,0,0,0,0,1
7,294860,2,0,1,0,0,0,0,0,0,0,0,0,0,0,0,1
11,294902,2,0,1,0,0,0,0,0,0,0,0,0,0,0,0,1
2,296363,2,0,1,0,0,0,0,0,0,0,0,0,0,0,0,1
13,296367,2,0,1,0,0,0,0,0,0,0,0,0,0,0,0,1
14,297604,2,0,1,0,0,0,0,0,0,0,0,0,0,0,0,1
13,297622,2,0,1,0,0,0,0,0,0,0,0,0,0,0,0,1
2,297660,2,0,1,0,0,0,0,0,0,0,0,0,0,0,0,1
7,297845,2,0,1,0,0,0,0,0,0,0,0,0,0,0,0,1
15,298357,2,0,1,0,0,0,0,0,0,0,0,0,0,0,0,1
12,298533,2,0,1,0,0,0,0,0,0,0,0,0,0,0,0,1
3,299857,2,0,1,0,0,0,0,0,0,0,0,0,0,0,0,1
2,300276,2,0,1,0,0,0,0,0,0,0,0,0,0,0,0,1
4,300924,2,0,1,0,0,0,0,0,0,0,0,0,0,0,0,1
12,301346,2,0,1,0,0,0,0,0,0,0,0,0,0,0,0,1
1,301519,2,0,1,0,0,0,0,0,0,0,0,0,0,0,0,1
0,302124,2,0,1,0,0,0,0,0,0,0,0,0,0,0,0,1
9,302519,2,0,1,0,0,0,0,0,0,0,0,0,0,0,0,1
15,302520,2,0,0,0,0,0,0,0,0,1,0,0,0,0,0,8
8,302695,2,0,1,0,0,0,0,0,0,0,0,0,0,0,0,1
9,303479,2,0,0,0,0,0,0,0,0,1,0,0,0,0,0,8
3,303589,2,0,1,0,0,0,0,0,0,0,0,0,0,0,0,1
10,303623,2,0,1,0,0,0,0,0,0,0,0,0,0,0,0,1
0,303680,2,0,1,0,0,0,0,0,0,0,0,0,0,0,0,1
6,303733,2,0,1,0,0,0,0,0,0,0,0,0,0,0,0,1
6,304190,2,0,1,0,0,0,0,0,0,0,0,0,0,0,0,1
6,305033,2,0,1,0,0,0,0,0,0,0,0,0,0,0,0,1
7,306094,2,0,0,0,0,0,0,0,0,1,0,0,0,0,0,8
9,307205,2,0,1,0,0,0,0,0,0,0,0,0,0,0,0,1
12,307478,2,0,1,0,0,0,0,0,0,0,0,0,0,0,0,1
8,307700,2,0,1,0,0,0,0,0,0,0,0,0,0,0,0,1
0,309106,2,0,1,0,0,0,0,0,0,0,0,0,0,0,0,1
12,309315,2,0,1,0,0,0,0,0,0,0,0,0,0,0,0,1
2,313201,2,0,1,0,0,0,0,0,0,0,0,0,0,0,0,1
11,313364,2,0,0,0,0,0,0,0,0,1,0,0,0,0,0,8
3,313372,2,0,1,0,0,0,0,0,0,0,0,0,0,0,0,1
15,313485,2,0,0,0,0,0,0,0,0,1,0,0,0,0,0,8
9,314074,2,0,1,0,0,0,0,0,0,0,0,0,0,0,0,1
6,314995,2,0,1,0,0,0,0,0,0,0,0,0,0,0,0,1
7,315263,2,0,1,0,0,0,0,0,0,0,0,0,0,0,0,1
0,315613,2,0,1,0,0,0,0,0,0,0,0,0,0,0,0,1
0,315704,2,0,1,0,0,0,0,0,0,0,0,0,0,0,0,1
7,315767,2,0,1,0,0,0,0,0,0,0,0,0,0,0,0,1
15,316414,2,0,1,0,0,0,0,0,0,0,0,0,0,0,0,1
13,316498,2,0,1,0,0,0,0,0,0,0,0,0,0,0,0,1
11,316557,2,0,1,0,0,0,0,0,0,0,0,0,0,0,0,1
11,316694,2,0,1,0,0,0,0,0,0,0,0,0,0,0,0,1
10,316754,2,0,1,0,0,0,0,0,0,0,0,0,0,0,0,1
12,317940,2,0,0,0,0,0,0,0,0,1,0,0,0,0,0,8
5,318292,2,0,0,0,0,0,0,0,0,1,0,0,0,0,0,8
6,319465,2,0,1,0,0,0,0,0,0,0,0,0,0,0,0,1
3,320224,2,0,1,0,0,0,0,0,0,0,0,0,0,0,0,1
7,320331,2,0,1,0,0,0,0,0,0,0,0,0,0,0,0,1
2,321016,2,0,1,0,0,0,0,0,0,0,0,0,0,0,0,1
1,321066,2,0,0,0,0,0,0,0,0,1,0,0,0,0,0,8
6,322303,2,0,1,0,0,0,0,0,0,0,0,0,0,0,0,1
8,322459,2,0,1,0,0,0,0,0,0,0,0,0,0,0,0,1
5,324312,2,0,1,0,0,0,0,0,0,0,0,0,0,0,0,1
3,324331,2,0,1,0,0,0,0,0,0,0,0,0,0,0,0,1
12,324669,2,0,1,0,0,0,0,0,0,0,0,0,0,0,0,1
14,324891,2,0,1,0,0,0,0,0,0,0,0,0,0,0,0,1
5,325310,2,0,1,0,0,0,0,0,0,0,0,0,0,0,0,1
0,326008,2,0,1,0,0,0,0,0,0,0,0,0,0,0,0,1
5,326541,2,0,1,0,0,0,0,0,0,0,0,0,0,0,0,1
3,327104,2,0,1,0,0,0,0,0,0,0,0,0,0,0,0,1
1,327679,2,0,1,0,0,0,0,0,0,0,0,0,0,0,0,1
2,327958,2,0,1,0,0,0,0,0,0,0,0,0,0,0,0,1
1,328381,2,0,1,0,0,0,0,0,0,0,0,0,0,0,0,1
5,329249,2,0,1,0,0,0,0,0,0,0,0,0,0,0,0,1
2,330103,2,0,1,0,0,0,0,0,0,0,0,0,0,0,0,1
10,330291,2,0,1,0,0,0,0,0,0,0,0,0,0,0,0,1
6,330384,2,0,1,0,0,0,0,0,0,0,0,0,0,0,0,1
4,332506,2,0,0,0,0,0,0,0,0,1,0,0,0,0,0,8
1,332592,2,0,1,0,0,0,0,0,0,0,0,0,0,0,0,1
5,334853,2,0,1,0,0,0,0,0,0,0,0,0,0,0,0,1
14,336887,2,0,1,0,0,0,0,0,0,0,0,0,0,0,0,1
4,337053,2,0,0,0,0,0,0,0,0,1,0,0,0,0,0,8
2,338327,2,0,1,0,0,0,0,0,0,0,0,0,0,0,0,1
14,338652,2,0,0,0,0,0,0,0,0,1,0,0,0,0,0,8
4,339126,2,0,1,0,0,0,0,0,0,0,0,0,0,0,0,1
7,339258,2,0,1,0,0,0,0,0,0,0,0,0,0,0,0,1
10,339723,2,0,1,0,0,0,0,0,0,0,0,0,0,0,0,1
7,339883,2,0,1,0,0,0,0,0,0,0,0,0,0,0,0,1
6,341574,2,0,0,0,0,0,0,0,0,1,0,0,0,0,0,8
5,342041,2,0,1,0,0,0,0,0,0,0,0,0,0,0,0,1
12,342550,2,0,1,0,0,0,0,0,0,0,0,0,0,0,0,1
14,343187,2,0,0,0,0,0,0,0,0,1,0,0,0,0,0,8
13,343906,2,0,1,0,0,0,0,0,0,0,0,0,0,0,0,1
12,344327,2,0,1,0,0,0,0,0,0,0,0,0,0,0,0,1
12,345072,2,0,1,0,0,0,0,0,0,0,0,0,0,0,0,1
1,346440,2,0,1,0,0,0,0,0,0,0,0,0,0,0,0,1
14,347923,2,0,0,0,0,0,0,0,0,1,0,0,0,0,0,8
10,348143,2,0,1,0,0,0,0,0,0,0,0,0,0,0,0,1
4,348379,2,0,1,0,0,0,0,0,0,0,0,0,0,0,0,1
13,350295,2,0,1,0,0,0,0,0,0,0,0,0,0,0,0,1
4,350621,2,0,1,0,0,0,0,0,0,0,0,0,0,0,0,1
13,350998,2,0,0,0,0,0,0,0,0,1,0,0,0,0,0,8
2,351287,2,0,1,0,0,0,0,0,0,0,0,0,0,0,0,1
6,353829,2,0,1,0,0,0,0,0,0,0,0,0,0,0,0,1
9,354147,2,0,1,0,0,0,0,0,0,0,0,0,0,0,0,1
5,355111,2,0,1,0,0,0,0,0,0,0,0,0,0,0,0,1
4,355204,2,0,1,0,0,0,0,0,0,0,0,0,0,0,0,1
1,355508,2,0,1,0,0,0,0,0,0,0,0,0,0,0,0,1
15,355841,2,0,1,0,0,0,0,0,0,0,0,0,0,0,0,1
6,356096,2,0,1,0,0,0,0,0,0,0,0,0,0,0,0,1
7,356260,2,0,1,0,0,0,0,0,0,0,0,0,0,0,0,1
10,357081,2,0,1,0,0,0,0,0,0,0,0,0,0,0,0,1
10,358828,2,0,1,0,0,0,0,0,0,0,0,0,0,0,0,1
4,359397,2,0,1,0,0,0,0,0,0,0,0,0,0,0,0,1
3,359773,2,0,1,0,0,0,0,0,0,0,0,0,0,0,0,1
9,359985,2,0,0,0,0,0,0,0,0,1,0,0,0,0,0,8
9,361136,2,0,0,0,0,0,0,0,0,1,0,0,0,0,0,8
2,361740,2,0,1,0,0,0,0,0,0,0,0,0,0,0,0,1
7,361811,2,0,1,0,0,0,0,0,0,0,0,0,0,0,0,1
1,361823,2,0,1,0,0,0,0,0,0,0,0,0,0,0,0,1
8,363490,2,0,1,0,0,0,0,0,0,0,0,0,0,0,0,1
2,364193,2,0,1,0,0,0,0,0,0,0,0,0,0,0,0,1
4,365202,2,0,1,0,0,0,0,0,0,0,0,0,0,0,0,1
7,366095,2,0,1,0,0,0,0,0,0,0,0,0,0,0,0,1
8,366461,2,0,1,0,0,0,0,0,0,0,0,0,0,0,0,1
2,366715,2,0,1,0,0,0,0,0,0,0,0,0,0,0,0,1
9,367114,2,0,1,0,0,0,0,0,0,0,0,0,0,0,0,1
11,367218,2,0,1,0,0,0,0,0,0,0,0,0,0,0,0,1
4,367455,2,0,1,0,0,0,0,0,0,0,0,0,0,0,0,1
3,367983,2,0,1,0,0,0,0,0,0,0,0,0,0,0,0,1
7,370107,2,0,1,0,0,0,0,0,0,0,0,0,0,0,0,1
4,370563,2,0,1,0,0,0,0,0,0,0,0,0,0,0,0,1
11,372832,2,0,1,0,0,0,0,0,0,0,0,0,0,0,0,1
14,373534,2,0,1,0,0,0,0,0,0,0,0,0,0,0,0,1
4,374924,2,0,1,0,0,0,0,0,0,0,0,0,0,0,0,1
1,374984,2,0,1,0,0,0,0,0,0,0,0,0,0,0,0,1
5,375186,2,0,1,0,0,0,0,0,0,0,0,0,0,0,0,1
15,375725,2,0,1,0,0,0,0,0,0,0,0,0,0,0,0,1
1,375799,2,0,1,0,0,0,0,0,0,0,0,0,0,0,0,1
1,376089,2,0,1,0,0,0,0,0,0,0,0,0,0,0,0,1
5,376191,2,0,1,0,0,0,0,0,0,0,0,0,0,0,0,1
0,377136,2,0,1,0,0,0,0,0,0,0,0,0,0,0,0,1
2,377393,2,0,1,0,0,0,0,0,0,0,0,0,0,0,0,1
2,379038,2,0,0,0,0,0,0,0,0,1,0,0,0,0,0,8
8,379947,2,0,1,0,0,0,0,0,0,0,0,0,0,0,0,1
7,380282,2,0,1,0,0,0,0,0,0,0,0,0,0,0,0,1
6,382372,2,0,1,0,0,0,0,0,0,0,0,0,0,0,0,1
15,384557,2,0,1,0,0,0,0,0,0,0,0,0,0,0,0,1
5,386230,2,0,0,0,0,0,0,0,0,1,0,0,0,0,0,8
0,387134,2,0,0,0,0,0,0,0,0,1,0,0,0,0,0,8
4,387165,2,0,1,0,0,0,0,0,0,0,0,0,0,0,0,1
10,387597,2,0,1,0,0,0,0,0,0,0,0,0,0,0,0,1
7,387977,2,0,1,0,0,0,0,0,0,0,0,0,0,0,0,1
14,388380,2,0,1,0,0,0,0,0,0,0,0,0,0,0,0,1
6,390054,2,0,1,0,0,0,0,0,0,0,0,0,0,0,0,1
13,390986,2,0,0,0,0,0,0,0,0,1,0,0,0,0,0,8
15,391924,2,0,0,0,0,0,0,0,0,1,0,0,0,0,0,8
5,392169,2,0,1,0,0,0,0,0,0,0,0,0,0,0,0,1
5,392269,2,0,1,0,0,0,0,0,0,0,0,0,0,0,0,1
14,393812,2,0,1,0,0,0,0,0,0,0,0,0,0,0,0,1
12,395121,2,0,1,0,0,0,0,0,0,0,0,0,0,0,0,1
10,395451,2,0,1,0,0,0,0,0,0,0,0,0,0,0,0,1
4,396127,2,0,1,0,0,0,0,0,0,0,0,0,0,0,0,1
5,396309,2,0,1,0,0,0,0,0,0,0,0,0,0,0,0,1
1,397067,2,0,1,0,0,0,0,0,0,0,0,0,0,0,0,1
4,397712,2,0,1,0,0,0,0,0,0,0,0,0,0,0,0,1
15,398349,2,0,1,0,0,0,0,0,0,0,0,0,0,0,0,1
3,398390,2,0,1,0,0,0,0,0,0,0,0,0,0,0,0,1
1,400389,2,0,1,0,0,0,0,0,0,0,0,0,0,0,0,1
4,401006,2,0,1,0,0,0,0,0,0,0,0,0,0,0,0,1
7,401023,2,0,1,0,0,0,0,0,0,0,0,0,0,0,0,1
3,402227,2,0,1,0,0,0,0,0,0,0,0,0,0,0,0,1
12,403547,2,0,1,0,0,0,0,0,0,0,0,0,0,0,0,1
15,403616,2,0,1,0,0,0,0,0,0,0,0,0,0,0,0,1
10,405146,2,0,1,0,0,0,0,0,0,0,0,0,0,0,0,1
8,405258,2,0,1,0,0,0,0,0,0,0,0,0,0,0,0,1
4,405405,2,0,1,0,0,0,0,0,0,0,0,0,0,0,0,1
6,405808,2,0,1,0,0,0,0,0,0,0,0,0,0,0,0,1
5,406199,2,0,1,0,0,0,0,0,0,0,0,0,0,0,0,1
0,406625,2,0,1,0,0,0,0,0,0,0,0,0,0,0,0,1
15,407342,2,0,0,0,0,0,0,0,0,1,0,0,0,0,0,8
10,407786,2,0,0,0,0,0,0,0,0,1,0,0,0,0,0,8
6,408514,2,0,1,0,0,0,0,0,0,0,0,0,0,0,0,1
14,408603,2,0,0,0,0,0,0,0,0,1,0,0,0,0,0,8
11,410157,2,0,1,0,0,0,0,0,0,0,0,0,0,0,0,1
4,410515,2,0,1,0,0,0,0,0,0,0,0,0,0,0,0,1
2,413175,2,0,1,0,0,0,0,0,0,0,0,0,0,0,0,1
11,413278,2,0,0,0,0,0,0,0,0,1,0,0,0,0,0,8
10,414832,2,0,1,0,0,0,0,0,0,0,0,0,0,0,0,1
12,415969,2,0,1,0,0,0,0,0,0,0,0,0,0,0,0,1
2,416396,2,0,1,0,0,0,0,0,0,0,0,0,0,0,0,1
8,417035,2,0,1,0,0,0,0,0,0,0,0,0,0,0,0,1
13,417453,2,0,0,0,0,0,0,0,0,1,0,0,0,0,0,8
2,417754,2,0,0,0,0,0,0,0,0,1,0,0,0,0,0,8
4,417771,2,0,1,0,0,0,0,0,0,0,0,0,0,0,0,1
15,417985,2,0,1,0,0,0,0,0,0,0,0,0,0,0,0,1
2,418035,2,0,0,0,0,0,0,0,0,1,0,0,0,0,0,8
5,418257,2,0,0,0,0,0,0,0,0,1,0,0,0,0,0,8
2,419137,2,0,1,0,0,0,0,0,0,0,0,0,0,0,0,1
10,420743,2,0,1,0,0,0,0,0,0,0,0,0,0,0,0,1
9,420799,2,0,1,0,0,0,0,0,0,0,0,0,0,0,0,1
13,420853,2,0,1,0,0,0,0,0,0,0,0,0,0,0,0,1
12,421232,2,0,1,0,0,0,0,0,0,0,0,0,0,0,0,1
11,422359,2,0,1,0,0,0,0,0,0,0,0,0,0,0,0,1
7,425079,2,0,1,0,0,0,0,0,0,0,0,0,0,0,0,1
12,425389,2,0,1,0,0,0,0,0,0,0,0,0,0,0,0,1
1,427207,2,0,1,0,0,0,0,0,0,0,0,0,0,0,0,1
2,428011,2,0,0,0,0,0,0,0,0,1,0,0,0,0,0,8
0,428513,2,0,1,0,0,0,0,0,0,0,0,0,0,0,0,1
0,428527,2,0,0,0,0,0,0,0,0,1,0,0,0,0,0,8
7,429078,2,0,1,0,0,0,0,0,0,0,0,0,0,0,0,1
13,430490,2,0,1,0,0,0,0,0,0,0,0,0,0,0,0,1
11,430502,2,0,1,0,0,0,0,0,0,0,0,0,0,0,0,1
12,431270,2,0,1,0,0,0,0,0,0,0,0,0,0,0,0,1
0,431301,2,0,0,0,0,0,0,0,0,1,0,0,0,0,0,8
8,432829,2,0,1,0,0,0,0,0,0,0,0,0,0,0,0,1
11,433491,2,0,0,0,0,0,0,0,0,1,0,0,0,0,0,8
11,433994,2,0,1,0,0,0,0,0,0,0,0,0,0,0,0,1
10,434034,2,0,1,0,0,0,0,0,0,0,0,0,0,0,0,1
11,434530,2,0,0,0,0,0,0,0,0,1,0,0,0,0,0,8
4,435347,2,0,1,0,0,0,0,0,0,0,0,0,0,0,0,1
1,435778,2,0,1,0,0,0,0,0,0,0,0,0,0,0,0,1
7,438225,2,0,1,0,0,0,0,0,0,0,0,0,0,0,0,1
10,439314,2,0,1,0,0,0,0,0,0,0,0,0,0,0,0,1
3,439457,2,0,1,0,0,0,0,0,0,0,0,0,0,0,0,1
6,439548,2,0,1,0,0,0,0,0,0,0,0,0,0,0,0,1
1,440447,2,0,0,0,0,0,0,0,0,1,0,0,0,0,0,8
2,440995,2,0,1,0,0,0,0,0,0,0,0,0,0,0,0,1
1,441174,2,0,1,0,0,0,0,0,0,0,0,0,0,0,0,1
15,441988,2,0,1,0,0,0,0,0,0,0,0,0,0,0,0,1
11,442424,2,0,1,0,0,0,0,0,0,0,0,0,0,0,0,1
10,443591,2,0,1,0,0,0,0,0,0,0,0,0,0,0,0,1
9,443664,2,0,1,0,0,0,0,0,0,0,0,0,0,0,0,1
0,444285,2,0,1,0,0,0,0,0,0,0,0,0,0,0,0,1
0,445583,2,0,1,0,0,0,0,0,0,0,0,0,0,0,0,1
15,446520,2,0,0,0,0,0,0,0,0,1,0,0,0,0,0,8
3,446903,2,0,1,0,0,0,0,0,0,0,0,0,0,0,0,1
14,447072,2,0,1,0,0,0,0,0,0,0,0,0,0,0,0,1
13,448857,2,0,1,0,0,0,0,0,0,0,0,0,0,0,0,1
10,449984,2,0,1,0,0,0,0,0,0,0,0,0,0,0,0,1
13,450693,2,0,1,0,0,0,0,0,0,0,0,0,0,0,0,1
7,450923,2,0,1,0,0,0,0,0,0,0,0,0,0,0,0,1
1,451114,2,0,1,0,0,0,0,0,0,0,0,0,0,0,0,1
3,451923,2,0,1,0,0,0,0,0,0,0,0,0,0,0,0,1
11,451950,2,0,1,0,0,0,0,0,0,0,0,0,0,0,0,1
7,454224,2,0,0,0,0,0,0,0,0,1,0,0,0,0,0,8
6,454243,2,0,1,0,0,0,0,0,0,0,0,0,0,0,0,1
12,454338,2,0,1,0,0,0,0,0,0,0,0,0,0,0,0,1
12,454779,2,0,1,0,0,0,0,0,0,0,0,0,0,0,0,1
15,454918,2,0,1,0,0,0,0,0,0,0,0,0,0,0,0,1
12,455971,2,0,1,0,0,0,0,0,0,0,0,0,0,0,0,1
4,456691,2,0,1,0,0,0,0,0,0,0,0,0,0,0,0,1
13,457095,2,0,1,0,0,0,0,0,0,0,0,0,0,0,0,1
6,457989,2,0,1,0,0,0,0,0,0,0,0,0,0,0,0,1
1,458213,2,0,1,0,0,0,0,0,0,0,0,0,0,0,0,1
0,458432,2,0,1,0,0,0,0,0,0,0,0,0,0,0,0,1
3,458602,2,0,1,0,0,0,0,0,0,0,0,0,0,0,0,1
3,458669,2,0,1,0,0,0,0,0,0,0,0,0,0,0,0,1
2,459622,2,0,1,0,0,0,0,0,0,0,0,0,0,0,0,1
1,461774,2,0,1,0,0,0,0,0,0,0,0,0,0,0,0,1
8,463477,2,0,1,0,0,0,0,0,0,0,0,0,0,0,0,1
13,464300,2,0,1,0,0,0,0,0,0,0,0,0,0,0,0,1
10,464589,2,0,0,0,0,0,0,0,0,1,0,0,0,0,0,8
12,464813,2,0,1,0,0,0,0,0,0,0,0,0,0,0,0,1
6,465508,2,0,1,0,0,0,0,0,0,0,0,0,0,0,0,1
2,465580,2,0,1,0,0,0,0,0,0,0,0,0,0,0,0,1
9,465701,2,0,1,0,0,0,0,0,0,0,0,0,0,0,0,1
10,466480,2,0,1,0,0,0,0,0,0,0,0,0,0,0,0,1
8,467309,2,0,1,0,0,0,0,0,0,0,0,0,0,0,0,1
13,468282,2,0,1,0,0,0,0,0,0,0,0,0,0,0,0,1
12,468383,2,0,1,0,0,0,0,0,0,0,0,0,0,0,0,1
2,469087,2,0,1,0,0,0,0,0,0,0,0,0,0,0,0,1
5,469976,2,0,1,0,0,0,0,0,0,0,0,0,0,0,0,1
15,470312,2,0,1,0,0,0,0,0,0,0,0,0,0,0,0,1
13,470876,2,0,0,0,0,0,0,0,0,1,0,0,0,0,0,8
12,471955,2,0,1,0,0,0,0,0,0,0,0,0,0,0,0,1
8,472496,2,0,0,0,0,0,0,0,0,1,0,0,0,0,0,8
3,474633,2,0,1,0,0,0,0,0,0,0,0,0,0,0,0,1
7,474657,2,0,1,0,0,0,0,0,0,0,0,0,0,0,0,1
14,474895,2,0,1,0,0,0,0,0,0,0,0,0,0,0,0,1
1,475495,2,0,1,0,0,0,0,0,0,0,0,0,0,0,0,1
8,475738,2,0,1,0,0,0,0,0,0,0,0,0,0,0,0,1
8,476688,2,0,1,0,0,0,0,0,0,0,0,0,0,0,0,1
11,477069,2,0,1,0,0,0,0,0,0,0,0,0,0,0,0,1
2,477848,2,0,1,0,0,0,0,0,0,0,0,0,0,0,0,1
5,479035,2,0,1,0,0,0,0,0,0,0,0,0,0,0,0,1
4,480239,2,0,1,0,0,0,0,0,0,0,0,0,0,0,0,1
8,480337,2,0,1,0,0,0,0,0,0,0,0,0,0,0,0,1
11,481210,2,0,1,0,0,0,0,0,0,0,0,0,0,0,0,1
15,481340,2,0,1,0,0,0,0,0,0,0,0,0,0,0,0,1
1,481442,2,0,1,0,0,0,0,0,0,0,0,0,0,0,0,1
14,481616,2,0,1,0,0,0,0,0,0,0,0,0,0,0,0,1
12,482202,2,0,1,0,0,0,0,0,0,0,0,0,0,0,0,1
5,482357,2,0,1,0,0,0,0,0,0,0,0,0,0,0,0,1
9,483109,2,0,0,0,0,0,0,0,0,1,0,0,0,0,0,8
0,484576,2,0,0,0,0,0,0,0,0,1,0,0,0,0,0,8
12,484752,2,0,1,0,0,0,0,0,0,0,0,0,0,0,0,1
4,484921,2,0,1,0,0,0,0,0,0,0,0,0,0,0,0,1
2,485001,2,0,1,0,0,0,0,0,0,0,0,0,0,0,0,1
15,485661,2,0,1,0,0,0,0,0,0,0,0,0,0,0,0,1
15,485975,2,0,1,0,0,0,0,0,0,0,0,0,0,0,0,1
1,485982,2,0,1,0,0,0,0,0,0,0,0,0,0,0,0,1
10,486399,2,0,1,0,0,0,0,0,0,0,0,0,0,0,0,1
0,487186,2,0,1,0,0,0,0,0,0,0,0,0,0,0,0,1
2,487244,2,0,1,0,0,0,0,0,0,0,0,0,0,0,0,1
15,487256,2,0,1,0,0,0,0,0,0,0,0,0,0,0,0,1
6,488754,2,0,1,0,0,0,0,0,0,0,0,0,0,0,0,1
7,490409,2,0,1,0,0,0,0,0,0,0,0,0,0,0,0,1
3,490708,2,0,1,0,0,0,0,0,0,0,0,0,0,0,0,1
14,490806,2,0,1,0,0,0,0,0,0,0,0,0,0,0,0,1
2,491546,2,0,1,0,0,0,0,0,0,0,0,0,0,0,0,1
9,491606,2,0,1,0,0,0,0,0,0,0,0,0,0,0,0,1
10,491619,2,0,1,0,0,0,0,0,0,0,0,0,0,0,0,1
0,491647,2,0,1,0,0,0,0,0,0,0,0,0,0,0,0,1
0,492559,2,0,1,0,0,0,0,0,0,0,0,0,0,0,0,1
5,492733,2,0,1,0,0,0,0,0,0,0,0,0,0,0,0,1
3,493049,2,0,1,0,0,0,0,0,0,0,0,0,0,0,0,1
0,493403,2,0,1,0,0,0,0,0,0,0,0,0,0,0,0,1
8,494712,2,0,1,0,0,0,0,0,0,0,0,0,0,0,0,1
11,496065,2,0,1,0,0,0,0,0,0,0,0,0,0,0,0,1
2,496242,2,0,0,0,0,0,0,0,0,1,0,0,0,0,0,8
9,496279,2,0,1,0,0,0,0,0,0,0,0,0,0,0,0,1
9,496381,2,0,1,0,0,0,0,0,0,0,0,0,0,0,0,1
14,496672,2,0,1,0,0,0,0,0,0,0,0,0,0,0,0,1
5,497075,2,0,1,0,0,0,0,0,0,0,0,0,0,0,0,1
4,497119,2,0,1,0,0,0,0,0,0,0,0,0,0,0,0,1
10,498171,2,0,1,0,0,0,0,0,0,0,0,0,0,0,0,1
6,498217,2,0,0,0,0,0,0,0,0,1,0,0,0,0,0,8
12,498280,2,0,1,0,0,0,0,0,0,0,0,0,0,0,0,1
12,499184,2,0,1,0,0,0,0,0,0,0,0,0,0,0,0,1
0,499522,2,0,1,0,0,0,0,0,0,0,0,0,0,0,0,1
14,499983,2,0,1,0,0,0,0,0,0,0,0,0,0,0,0,1
3,500373,2,0,1,0,0,0,0,0,0,0,0,0,0,0,0,1
2,501730,2,0,1,0,0,0,0,0,0,0,0,0,0,0,0,1
2,501774,2,0,1,0,0,0,0,0,0,0,0,0,0,0,0,1
8,503347,2,0,1,0,0,0,0,0,0,0,0,0,0,0,0,1
11,504229,2,0,1,0,0,0,0,0,0,0,0,0,0,0,0,1
11,504424,2,0,1,0,0,0,0,0,0,0,0,0,0,0,0,1
2,504922,2,0,0,0,0,0,0,0,0,1,0,0,0,0,0,8
1,506010,2,0,1,0,0,0,0,0,0,0,0,0,0,0,0,1
1,506798,2,0,0,0,0,0,0,0,0,1,0,0,0,0,0,8
4,507659,2,0,1,0,0,0,0,0,0,0,0,0,0,0,0,1
12,510490,2,0,1,0,0,0,0,0,0,0,0,0,0,0,0,1
2,511068,2,0,1,0,0,0,0,0,0,0,0,0,0,0,0,1
3,511911,2,0,1,0,0,0,0,0,0,0,0,0,0,0,0,1
7,511935,2,0,1,0,0,0,0,0,0,0,0,0,0,0,0,1
5,512010,2,0,1,0,0,0,0,0,0,0,0,0,0,0,0,1
6,512220,2,0,0,0,0,0,0,0,0,1,0,0,0,0,0,8
0,513927,2,0,1,0,0,0,0,0,0,0,0,0,0,0,0,1
6,514881,2,0,1,0,0,0,0,0,0,0,0,0,0,0,0,1
4,514953,2,0,0,0,0,0,0,0,0,1,0,0,0,0,0,8
9,514971,2,0,1,0,0,0,0,0,0,0,0,0,0,0,0,1
14,515640,2,0,1,0,0,0,0,0,0,0,0,0,0,0,0,1
7,515742,2,0,0,0,0,0,0,0,0,1,0,0,0,0,0,8
1,515938,2,0,0,0,0,0,0,0,0,1,0,0,0,0,0,8
6,517052,2,0,1,0,0,0,0,0,0,0,0,0,0,0,0,1
14,517154,2,0,1,0,0,0,0,0,0,0,0,0,0,0,0,1
8,517752,2,0,1,0,0,0,0,0,0,0,0,0,0,0,0,1
12,518499,2,0,1,0,0,0,0,0,0,0,0,0,0,0,0,1
15,519062,2,0,1,0,0,0,0,0,0,0,0,0,0,0,0,1
0,519643,2,0,1,0,0,0,0,0,0,0,0,0,0,0,0,1
11,519797,2,0,1,0,0,0,0,0,0,0,0,0,0,0,0,1
3,520882,2,0,1,0,0,0,0,0,0,0,0,0,0,0,0,1
6,521783,2,0,1,0,0,0,0,0,0,0,0,0,0,0,0,1
10,522979,2,0,0,0,0,0,0,0,0,1,0,0,0,0,0,8
7,523012,2,0,1,0,0,0,0,0,0,0,0,0,0,0,0,1
1,523632,2,0,1,0,0,0,0,0,0,0,0,0,0,0,0,1
11,523729,2,0,0,0,0,0,0,0,0,1,0,0,0,0,0,8
6,523891,2,0,0,0,0,0,0,0,0,1,0,0,0,0,0,8
12,524836,2,0,1,0,0,0,0,0,0,0,0,0,0,0,0,1
4,524840,2,0,1,0,0,0,0,0,0,0,0,0,0,0,0,1
10,524874,2,0,1,0,0,0,0,0,0,0,0,0,0,0,0,1
8,525350,2,0,1,0,0,0,0,0,0,0,0,0,0,0,0,1
8,525814,2,0,1,0,0,0,0,0,0,0,0,0,0,0,0,1
3,525947,2,0,1,0,0,0,0,0,0,0,0,0,0,0,0,1
8,526460,2,0,0,0,0,0,0,0,0,1,0,0,0,0,0,8
11,526909,2,0,1,0,0,0,0,0,0,0,0,0,0,0,0,1
14,527222,2,0,0,0,0,0,0,0,0,1,0,0,0,0,0,8
2,528493,2,0,1,0,0,0,0,0,0,0,0,0,0,0,0,1
8,528509,2,0,1,0,0,0,0,0,0,0,0,0,0,0,0,1
8,528621,2,0,1,0,0,0,0,0,0,0,0,0,0,0,0,1
4,529174,2,0,1,0,0,0,0,0,0,0,0,0,0,0,0,1
1,529292,2,0,1,0,0,0,0,0,0,0,0,0,0,0,0,1
1,529934,2,0,0,0,0,0,0,0,0,1,0,0,0,0,0,8
15,530942,2,0,1,0,0,0,0,0,0,0,0,0,0,0,0,1
3,531197,2,0,1,0,0,0,0,0,0,0,0,0,0,0,0,1
1,531729,2,0,1,0,0,0,0,0,0,0,0,0,0,0,0,1
14,532338,2,0,1,0,0,0,0,0,0,0,0,0,0,0,0,1
13,532489,2,0,1,0,0,0,0,0,0,0,0,0,0,0,0,1
4,533776,2,0,1,0,0,0,0,0,0,0,0,0,0,0,0,1
7,535560,2,0,1,0,0,0,0,0,0,0,0,0,0,0,0,1
11,536141,2,0,1,0,0,0,0,0,0,0,0,0,0,0,0,1
12,536555,2,0,1,0,0,0,0,0,0,0,0,0,0,0,0,1
8,537928,2,0,1,0,0,0,0,0,0,0,0,0,0,0,0,1
12,538841,2,0,0,0,0,0,0,0,0,1,0,0,0,0,0,8
3,540197,2,0,1,0,0,0,0,0,0,0,0,0,0,0,0,1
6,541399,2,0,1,0,0,0,0,0,0,0,0,0,0,0,0,1
6,541960,2,0,1,0,0,0,0,0,0,0,0,0,0,0,0,1
2,542173,2,0,1,0,0,0,0,0,0,0,0,0,0,0,0,1
14,542760,2,0,1,0,0,0,0,0,0,0,0,0,0,0,0,1
6,543681,2,0,1,0,0,0,0,0,0,0,0,0,0,0,0,1
10,544087,2,0,1,0,0,0,0,0,0,0,0,0,0,0,0,1
1,544816,2,0,1,0,0,0,0,0,0,0,0,0,0,0,0,1
1,546629,2,0,0,0,0,0,0,0,0,1,0,0,0,0,0,8
12,546709,2,0,1,0,0,0,0,0,0,0,0,0,0,0,0,1
6,548331,2,0,1,0,0,0,0,0,0,0,0,0,0,0,0,1
11,548405,2,0,0,0,0,0,0,0,0,1,0,0,0,0,0,8
3,548424,2,0,1,0,0,0,0,0,0,0,0,0,0,0,0,1
7,549609,2,0,1,0,0,0,0,0,0,0,0,0,0,0,0,1
2,549799,2,0,1,0,0,0,0,0,0,0,0,0,0,0,0,1
13,551026,2,0,1,0,0,0,0,0,0,0,0,0,0,0,0,1
0,551089,2,0,0,0,0,0,0,0,0,1,0,0,0,0,0,8
12,551214,2,0,1,0,0,0,0,0,0,0,0,0,0,0,0,1
10,554961,2,0,1,0,0,0,0,0,0,0,0,0,0,0,0,1
15,555643,2,0,1,0,0,0,0,0,0,0,0,0,0,0,0,1
1,555729,2,0,1,0,0,0,0,0,0,0,0,0,0,0,0,1
14,556147,2,0,1,0,0,0,0,0,0,0,0,0,0,0,0,1
4,556406,2,0,1,0,0,0,0,0,0,0,0,0,0,0,0,1
11,557611,2,0,1,0,0,0,0,0,0,0,0,0,0,0,0,1
0,558037,2,0,1,0,0,0,0,0,0,0,0,0,0,0,0,1
3,558259,2,0,1,0,0,0,0,0,0,0,0,0,0,0,0,1
12,558834,2,0,1,0,0,0,0,0,0,0,0,0,0,0,0,1
4,559390,2,0,1,0,0,0,0,0,0,0,0,0,0,0,0,1
7,560773,2,0,1,0,0,0,0,0,0,0,0,0,0,0,0,1
9,562085,2,0,1,0,0,0,0,0,0,0,0,0,0,0,0,1
2,563757,2,0,0,0,0,0,0,0,0,1,0,0,0,0,0,8
15,565907,2,0,1,0,0,0,0,0,0,0,0,0,0,0,0,1
10,565958,2,0,1,0,0,0,0,0,0,0,0,0,0,0,0,1
5,566710,2,0,1,0,0,0,0,0,0,0,0,0,0,0,0,1
13,567640,2,0,1,0,0,0,0,0,0,0,0,0,0,0,0,1
15,567802,2,0,1,0,0,0,0,0,0,0,0,0,0,0,0,1
10,568008,2,0,1,0,0,0,0,0,0,0,0,0,0,0,0,1
10,568061,2,0,1,0,0,0,0,0,0,0,0,0,0,0,0,1
5,568077,2,0,1,0,0,0,0,0,0,0,0,0,0,0,0,1
7,568181,2,0,1,0,0,0,0,0,0,0,0,0,0,0,0,1
11,568340,2,0,1,0,0,0,0,0,0,0,0,0,0,0,0,1
5,568656,2,0,1,0,0,0,0,0,0,0,0,0,0,0,0,1
3,569040,2,0,1,0,0,0,0,0,0,0,0,0,0,0,0,1
11,570577,2,0,1,0,0,0,0,0,0,0,0,0,0,0,0,1
3,570765,2,0,1,0,0,0,0,0,0,0,0,0,0,0,0,1
5,570841,2,0,0,0,0,0,0,0,0,1,0,0,0,0,0,8
2,572582,2,0,1,0,0,0,0,0,0,0,0,0,0,0,0,1
12,574339,2,0,1,0,0,0,0,0,0,0,0,0,0,0,0,1
2,575292,2,0,1,0,0,0,0,0,0,0,0,0,0,0,0,1
15,576426,2,0,1,0,0,0,0,0,0,0,0,0,0,0,0,1
6,577268,2,0,1,0,0,0,0,0,0,0,0,0,0,0,0,1
4,577376,2,0,1,0,0,0,0,0,0,0,0,0,0,0,0,1
14,577982,2,0,1,0,0,0,0,0,0,0,0,0,0,0,0,1
2,578163,2,0,1,0,0,0,0,0,0,0,0,0,0,0,0,1
11,578425,2,0,1,0,0,0,0,0,0,0,0,0,0,0,0,1
0,578847,2,0,1,0,0,0,0,0,0,0,0,0,0,0,0,1
7,579196,2,0,1,0,0,0,0,0,0,0,0,0,0,0,0,1
6,579229,2,0,1,0,0,0,0,0,0,0,0,0,0,0,0,1
6,579310,2,0,1,0,0,0,0,0,0,0,0,0,0,0,0,1
6,580150,2,0,1,0,0,0,0,0,0,0,0,0,0,0,0,1
4,580281,2,0,1,0,0,0,0,0,0,0,0,0,0,0,0,1
0,580398,2,0,0,0,0,0,0,0,0,1,0,0,0,0,0,8
0,580423,2,0,1,0,0,0,0,0,0,0,0,0,0,0,0,1
10,580430,2,0,1,0,0,0,0,0,0,0,0,0,0,0,0,1
7,581040,2,0,1,0,0,0,0,0,0,0,0,0,0,0,0,1
9,581491,2,0,1,0,0,0,0,0,0,0,0,0,0,0,0,1
4,582767,2,0,1,0,0,0,0,0,0,0,0,0,0,0,0,1
7,582944,2,0,1,0,0,0,0,0,0,0,0,0,0,0,0,1
14,583851,2,0,1,0,0,0,0,0,0,0,0,0,0,0,0,1
11,583998,2,0,0,0,0,0,0,0,0,1,0,0,0,0,0,8
14,584056,2,0,1,0,0,0,0,0,0,0,0,0,0,0,0,1
4,584175,2,0,1,0,0,0,0,0,0,0,0,0,0,0,0,1
12,584665,2,0,1,0,0,0,0,0,0,0,0,0,0,0,0,1
7,584982,2,0,1,0,0,0,0,0,0,0,0,0,0,0,0,1
13,585006,2,0,1,0,0,0,0,0,0,0,0,0,0,0,0,1
11,585503,2,0,1,0,0,0,0,0,0,0,0,0,0,0,0,1
15,587118,2,0,1,0,0,0,0,0,0,0,0,0,0,0,0,1
0,587132,2,0,1,0,0,0,0,0,0,0,0,0,0,0,0,1
7,587835,2,0,1,0,0,0,0,0,0,0,0,0,0,0,0,1
15,587840,2,0,1,0,0,0,0,0,0,0,0,0,0,0,0,1
12,589010,2,0,1,0,0,0,0,0,0,0,0,0,0,0,0,1
12,589136,2,0,1,0,0,0,0,0,0,0,0,0,0,0,0,1
4,589252,2,0,1,0,0,0,0,0,0,0,0,0,0,0,0,1
2,590398,2,0,1,0,0,0,0,0,0,0,0,0,0,0,0,1
9,590467,2,0,1,0,0,0,0,0,0,0,0,0,0,0,0,1
13,591409,2,0,1,0,0,0,0,0,0,0,0,0,0,0,0,1
6,591634,2,0,1,0,0,0,0,0,0,0,0,0,0,0,0,1
13,592774,2,0,1,0,0,0,0,0,0,0,0,0,0,0,0,1
7,592924,2,0,1,0,0,0,0,0,0,0,0,0,0,0,0,1
13,593526,2,0,0,0,0,0,0,0,0,1,0,0,0,0,0,8
15,593597,2,0,1,0,0,0,0,0,0,0,0,0,0,0,0,1
7,594201,2,0,1,0,0,0,0,0,0,0,0,0,0,0,0,1
3,594457,2,0,1,0,0,0,0,0,0,0,0,0,0,0,0,1
8,594859,2,0,0,0,0,0,0,0,0,1,0,0,0,0,0,8
10,595110,2,0,1,0,0,0,0,0,0,0,0,0,0,0,0,1
6,596547,2,0,1,0,0,0,0,0,0,0,0,0,0,0,0,1
3,597251,2,0,1,0,0,0,0,0,0,0,0,0,0,0,0,1
8,597315,2,0,1,0,0,0,0,0,0,0,0,0,0,0,0,1
13,597754,2,0,1,0,0,0,0,0,0,0,0,0,0,0,0,1
13,597953,2,0,0,0,0,0,0,0,0,1,0,0,0,0,0,8
15,598364,2,0,1,0,0,0,0,0,0,0,0,0,0,0,0,1
13,598576,2,0,1,0,0,0,0,0,0,0,0,0,0,0,0,1
3,598649,2,0,1,0,0,0,0,0,0,0,0,0,0,0,0,1
14,599127,2,0,1,0,0,0,0,0,0,0,0,0,0,0,0,1
14,599628,2,0,1,0,0,0,0,0,0,0,0,0,0,0,0,1
2,600228,2,0,1,0,0,0,0,0,0,0,0,0,0,0,0,1
7,600570,2,0,1,0,0,0,0,0,0,0,0,0,0,0,0,1
0,600770,2,0,1,0,0,0,0,0,0,0,0,0,0,0,0,1
6,600848,2,0,1,0,0,0,0,0,0,0,0,0,0,0,0,1
3,602579,2,0,1,0,0,0,0,0,0,0,0,0,0,0,0,1
8,602596,2,0,1,0,0,0,0,0,0,0,0,0,0,0,0,1
6,603126,2,0,1,0,0,0,0,0,0,0,0,0,0,0,0,1
1,603454,2,0,1,0,0,0,0,0,0,0,0,0,0,0,0,1
12,603531,2,0,1,0,0,0,0,0,0,0,0,0,0,0,0,1
14,603712,2,0,0,0,0,0,0,0,0,1,0,0,0,0,0,8
14,604287,2,0,1,0,0,0,0,0,0,0,0,0,0,0,0,1
8,605673,2,0,1,0,0,0,0,0,0,0,0,0,0,0,0,1
8,605798,2,0,1,0,0,0,0,0,0,0,0,0,0,0,0,1
2,607079,2,0,1,0,0,0,0,0,0,0,0,0,0,0,0,1
14,607993,2,0,1,0,0,0,0,0,0,0,0,0,0,0,0,1
0,608301,2,0,1,0,0,0,0,0,0,0,0,0,0,0,0,1
9,609373,2,0,0,0,0,0,0,0,0,1,0,0,0,0,0,8
6,610738,2,0,1,0,0,0,0,0,0,0,0,0,0,0,0,1
9,611035,2,0,1,0,0,0,0,0,0,0,0,0,0,0,0,1
0,611209,2,0,1,0,0,0,0,0,0,0,0,0,0,0,0,1
11,611539,2,0,1,0,0,0,0,0,0,0,0,0,0,0,0,1
5,611647,2,0,1,0,0,0,0,0,0,0,0,0,0,0,0,1
13,612302,2,0,1,0,0,0,0,0,0,0,0,0,0,0,0,1
13,612901,2,0,0,0,0,0,0,0,0,1,0,0,0,0,0,8
5,613164,2,0,1,0,0,0,0,0,0,0,0,0,0,0,0,1
6,613633,2,0,1,0,0,0,0,0,0,0,0,0,0,0,0,1
12,614198,2,0,1,0,0,0,0,0,0,0,0,0,0,0,0,1
1,614518,2,0,1,0,0,0,0,0,0,0,0,0,0,0,0,1
1,614929,2,0,1,0,0,0,0,0,0,0,0,0,0,0,0,1
5,615357,2,0,1,0,0,0,0,0,0,0,0,0,0,0,0,1
8,616077,2,0,1,0,0,0,0,0,0,0,0,0,0,0,0,1
7,616197,2,0,1,0,0,0,0,0,0,0,0,0,0,0,0,1
10,616945,2,0,1,0,0,0,0,0,0,0,0,0,0,0,0,1
4,616975,2,0,1,0,0,0,0,0,0,0,0,0,0,0,0,1
14,617005,2,0,0,0,0,0,0,0,0,1,0,0,0,0,0,8
13,617322,2,0,1,0,0,0,0,0,0,0,0,0,0,0,0,1
3,617407,2,0,1,0,0,0,0,0,0,0,0,0,0,0,0,1
15,617942,2,0,1,0,0,0,0,0,0,0,0,0,0,0,0,1
11,618762,2,0,1,0,0,0,0,0,0,0,0,0,0,0,0,1
10,619202,2,0,1,0,0,0,0,0,0,0,0,0,0,0,0,1
1,619889,2,0,1,0,0,0,0,0,0,0,0,0,0,0,0,1
8,620307,2,0,1,0,0,0,0,0,0,0,0,0,0,0,0,1
7,620458,2,0,1,0,0,0,0,0,0,0,0,0,0,0,0,1
0,621195,2,0,0,0,0,0,0,0,0,1,0,0,0,0,0,8
6,621778,2,0,1,0,0,0,0,0,0,0,0,0,0,0,0,1
2,621903,2,0,1,0,0,0,0,0,0,0,0,0,0,0,0,1
13,622487,2,0,1,0,0,0,0,0,0,0,0,0,0,0,0,1
4,622667,2,0,1,0,0,0,0,0,0,0,0,0,0,0,0,1
1,622806,2,0,1,0,0,0,0,0,0,0,0,0,0,0,0,1
12,623040,2,0,1,0,0,0,0,0,0,0,0,0,0,0,0,1
1,623380,2,0,0,0,0,0,0,0,0,1,0,0,0,0,0,8
14,623499,2,0,0,0,0,0,0,0,0,1,0,0,0,0,0,8
7,623534,2,0,0,0,0,0,0,0,0,1,0,0,0,0,0,8
3,623910,2,0,1,0,0,0,0,0,0,0,0,0,0,0,0,1
6,624153,2,0,1,0,0,0,0,0,0,0,0,0,0,0,0,1
1,625479,2,0,1,0,0,0,0,0,0,0,0,0,0,0,0,1
10,626871,2,0,1,0,0,0,0,0,0,0,0,0,0,0,0,1
2,627339,2,0,0,0,0,0,0,0,0,1,0,0,0,0,0,8
13,628040,2,0,1,0,0,0,0,0,0,0,0,0,0,0,0,1
7,628086,2,0,1,0,0,0,0,0,0,0,0,0,0,0,0,1
12,628282,2,0,1,0,0,0,0,0,0,0,0,0,0,0,0,1
9,628979,2,0,1,0,0,0,0,0,0,0,0,0,0,0,0,1
13,629353,2,0,1,0,0,0,0,0,0,0,0,0,0,0,0,1
8,629670,2,0,1,0,0,0,0,0,0,0,0,0,0,0,0,1
14,630115,2,0,1,0,0,0,0,0,0,0,0,0,0,0,0,1
5,630276,2,0,1,0,0,0,0,0,0,0,0,0,0,0,0,1
5,630770,2,0,1,0,0,0,0,0,0,0,0,0,0,0,0,1
13,631247,2,0,1,0,0,0,0,0,0,0,0,0,0,0,0,1
14,632140,2,0,1,0,0,0,0,0,0,0,0,0,0,0,0,1
9,632603,2,0,1,0,0,0,0,0,0,0,0,0,0,0,0,1
14,632722,2,0,1,0,0,0,0,0,0,0,0,0,0,0,0,1
12,633868,2,0,1,0,0,0,0,0,0,0,0,0,0,0,0,1
3,633869,2,0,0,0,0,0,0,0,0,1,0,0,0,0,0,8
4,633903,2,0,1,0,0,0,0,0,0,0,0,0,0,0,0,1
10,634155,2,0,1,0,0,0,0,0,0,0,0,0,0,0,0,1
11,634629,2,0,0,0,0,0,0,0,0,1,0,0,0,0,0,8
0,634812,2,0,1,0,0,0,0,0,0,0,0,0,0,0,0,1
7,635317,2,0,1,0,0,0,0,0,0,0,0,0,0,0,0,1
13,635675,2,0,1,0,0,0,0,0,0,0,0,0,0,0,0,1
0,635954,2,0,1,0,0,0,0,0,0,0,0,0,0,0,0,1
5,636508,2,0,1,0,0,0,0,0,0,0,0,0,0,0,0,1
14,636651,2,0,1,0,0,0,0,0,0,0,0,0,0,0,0,1
7,637241,2,0,1,0,0,0,0,0,0,0,0,0,0,0,0,1
0,637259,2,0,1,0,0,0,0,0,0,0,0,0,0,0,0,1
9,637396,2,0,1,0,0,0,0,0,0,0,0,0,0,0,0,1
1,637603,2,0,0,0,0,0,0,0,0,1,0,0,0,0,0,8
9,638911,2,0,1,0,0,0,0,0,0,0,0,0,0,0,0,1
13,639298,2,0,1,0,0,0,0,0,0,0,0,0,0,0,0,1
0,639615,2,0,0,0,0,0,0,0,0,1,0,0,0,0,0,8
2,639741,2,0,0,0,0,0,0,0,0,1,0,0,0,0,0,8
15,642167,2,0,1,0,0,0,0,0,0,0,0,0,0,0,0,1
2,642925,2,0,0,0,0,0,0,0,0,1,0,0,0,0,0,8
13,643417,2,0,1,0,0,0,0,0,0,0,0,0,0,0,0,1
12,643975,2,0,1,0,0,0,0,0,0,0,0,0,0,0,0,1
0,644180,2,0,1,0,0,0,0,0,0,0,0,0,0,0,0,1
6,644224,2,0,1,0,0,0,0,0,0,0,0,0,0,0,0,1
0,645626,2,0,1,0,0,0,0,0,0,0,0,0,0,0,0,1
1,646460,2,0,1,0,0,0,0,0,0,0,0,0,0,0,0,1
3,646686,2,0,0,0,0,0,0,0,0,1,0,0,0,0,0,8
1,647092,2,0,1,0,0,0,0,0,0,0,0,0,0,0,0,1
0,647150,2,0,1,0,0,0,0,0,0,0,0,0,0,0,0,1
14,647520,2,0,1,0,0,0,0,0,0,0,0,0,0,0,0,1
14,648127,2,0,1,0,0,0,0,0,0,0,0,0,0,0,0,1
11,649785,2,0,1,0,0,0,0,0,0,0,0,0,0,0,0,1
5,650278,2,0,0,0,0,0,0,0,0,1,0,0,0,0,0,8
13,650329,2,0,1,0,0,0,0,0,0,0,0,0,0,0,0,1
0,650831,2,0,1,0,0,0,0,0,0,0,0,0,0,0,0,1
5,651499,2,0,1,0,0,0,0,0,0,0,0,0,0,0,0,1
8,651884,2,0,1,0,0,0,0,0,0,0,0,0,0,0,0,1
1,653063,2,0,1,0,0,0,0,0,0,0,0,0,0,0,0,1
14,653821,2,0,1,0,0,0,0,0,0,0,0,0,0,0,0,1
14,653933,2,0,1,0,0,0,0,0,0,0,0,0,0,0,0,1
11,654211,2,0,1,0,0,0,0,0,0,0,0,0,0,0,0,1
3,656179,2,0,1,0,0,0,0,0,0,0,0,0,0,0,0,1
7,656984,2,0,1,0,0,0,0,0,0,0,0,0,0,0,0,1
15,657451,2,0,1,0,0,0,0,0,0,0,0,0,0,0,0,1
1,659892,2,0,0,0,0,0,0,0,0,1,0,0,0,0,0,8
10,660150,2,0,1,0,0,0,0,0,0,0,0,0,0,0,0,1
1,661201,2,0,1,0,0,0,0,0,0,0,0,0,0,0,0,1
5,661304,2,0,1,0,0,0,0,0,0,0,0,0,0,0,0,1
11,661390,2,0,0,0,0,0,0,0,0,1,0,0,0,0,0,8
8,661424,2,0,1,0,0,0,0,0,0,0,0,0,0,0,0,1
8,661651,2,0,1,0,0,0,0,0,0,0,0,0,0,0,0,1
11,661985,2,0,1,0,0,0,0,0,0,0,0,0,0,0,0,1
9,662724,2,0,0,0,0,0,0,0,0,1,0,0,0,0,0,8
5,663976,2,0,1,0,0,0,0,0,0,0,0,0,0,0,0,1
13,665386,2,0,1,0,0,0,0,0,0,0,0,0,0,0,0,1
5,666276,2,0,1,0,0,0,0,0,0,0,0,0,0,0,0,1
10,666866,2,0,1,0,0,0,0,0,0,0,0,0,0,0,0,1
10,667468,2,0,1,0,0,0,0,0,0,0,0,0,0,0,0,1
14,667735,2,0,0,0,0,0,0,0,0,1,0,0,0,0,0,8
3,667847,2,0,1,0,0,0,0,0,0,0,0,0,0,0,0,1
10,668016,2,0,1,0,0,0,0,0,0,0,0,0,0,0,0,1
1,668868,2,0,1,0,0,0,0,0,0,0,0,0,0,0,0,1
4,669066,2,0,0,0,0,0,0,0,0,1,0,0,0,0,0,8
5,669379,2,0,1,0,0,0,0,0,0,0,0,0,0,0,0,1
6,670457,2,0,1,0,0,0,0,0,0,0,0,0,0,0,0,1
1,670669,2,0,1,0,0,0,0,0,0,0,0,0,0,0,0,1
14,671403,2,0,1,0,0,0,0,0,0,0,0,0,0,0,0,1
10,671506,2,0,1,0,0,0,0,0,0,0,0,0,0,0,0,1
7,672101,2,0,0,0,0,0,0,0,0,1,0,0,0,0,0,8
2,672536,2,0,1,0,0,0,0,0,0,0,0,0,0,0,0,1
9,672791,2,0,1,0,0,0,0,0,0,0,0,0,0,0,0,1
3,673144,2,0,1,0,0,0,0,0,0,0,0,0,0,0,0,1
8,674227,2,0,1,0,0,0,0,0,0,0,0,0,0,0,0,1
14,674241,2,0,1,0,0,0,0,0,0,0,0,0,0,0,0,1
10,674448,2,0,1,0,0,0,0,0,0,0,0,0,0,0,0,1
5,674864,2,0,1,0,0,0,0,0,0,0,0,0,0,0,0,1
0,676050,2,0,1,0,0,0,0,0,0,0,0,0,0,0,0,1
13,677773,2,0,1,0,0,0,0,0,0,0,0,0,0,0,0,1
9,677898,2,0,1,0,0,0,0,0,0,0,0,0,0,0,0,1
8,678767,2,0,1,0,0,0,0,0,0,0,0,0,0,0,0,1
13,678798,2,0,1,0,0,0,0,0,0,0,0,0,0,0,0,1
2,679861,2,0,1,0,0,0,0,0,0,0,0,0,0,0,0,1
6,682120,2,0,1,0,0,0,0,0,0,0,0,0,0,0,0,1
8,683220,2,0,1,0,0,0,0,0,0,0,0,0,0,0,0,1
13,684356,2,0,1,0,0,0,0,0,0,0,0,0,0,0,0,1
3,684822,2,0,1,0,0,0,0,0,0,0,0,0,0,0,0,1
9,685043,2,0,1,0,0,0,0,0,0,0,0,0,0,0,0,1
11,685368,2,0,1,0,0,0,0,0,0,0,0,0,0,0,0,1
14,685923,2,0,1,0,0,0,0,0,0,0,0,0,0,0,0,1
12,686540,2,0,1,0,0,0,0,0,0,0,0,0,0,0,0,1
7,687610,2,0,1,0,0,0,0,0,0,0,0,0,0,0,0,1
2,687727,2,0,0,0,0,0,0,0,0,1,0,0,0,0,0,8
8,689653,2,0,1,0,0,0,0,0,0,0,0,0,0,0,0,1
7,689684,2,0,1,0,0,0,0,0,0,0,0,0,0,0,0,1
11,690091,2,0,1,0,0,0,0,0,0,0,0,0,0,0,0,1
10,693060,2,0,0,0,0,0,0,0,0,1,0,0,0,0,0,8
11,693358,2,0,1,0,0,0,0,0,0,0,0,0,0,0,0,1
9,693401,2,0,1,0,0,0,0,0,0,0,0,0,0,0,0,1
0,693608,2,0,1,0,0,0,0,0,0,0,0,0,0,0,0,1
5,693721,2,0,1,0,0,0,0,0,0,0,0,0,0,0,0,1
6,693942,2,0,1,0,0,0,0,0,0,0,0,0,0,0,0,1
13,694789,2,0,0,0,0,0,0,0,0,1,0,0,0,0,0,8
14,694973,2,0,1,0,0,0,0,0,0,0,0,0,0,0,0,1
3,696296,2,0,1,0,0,0,0,0,0,0,0,0,0,0,0,1
14,696715,2,0,1,0,0,0,0,0,0,0,0,0,0,0,0,1
0,696919,2,0,0,0,0,0,0,0,0,1,0,0,0,0,0,8
0,696961,2,0,1,0,0,0,0,0,0,0,0,0,0,0,0,1
14,697490,2,0,0,0,0,0,0,0,0,1,0,0,0,0,0,8
9,698828,2,0,1,0,0,0,0,0,0,0,0,0,0,0,0,1
10,700041,2,0,1,0,0,0,0,0,0,0,0,0,0,0,0,1
8,701317,2,0,0,0,0,0,0,0,0,1,0,0,0,0,0,8
12,702110,2,0,1,0,0,0,0,0,0,0,0,0,0,0,0,1
12,702143,2,0,0,0,0,0,0,0,0,1,0,0,0,0,0,8
2,702431,2,0,0,0,0,0,0,0,0,1,0,0,0,0,0,8
13,702838,2,0,1,0,0,0,0,0,0,0,0,0,0,0,0,1
10,703618,2,0,1,0,0,0,0,0,0,0,0,0,0,0,0,1
15,704093,2,0,1,0,0,0,0,0,0,0,0,0,0,0,0,1
15,705094,2,0,0,0,0,0,0,0,0,1,0,0,0,0,0,8
13,705820,2,0,0,0,0,0,0,0,0,1,0,0,0,0,0,8
9,706686,2,0,0,0,0,0,0,0,0,1,0,0,0,0,0,8
6,707598,2,0,1,0,0,0,0,0,0,0,0,0,0,0,0,1
13,708204,2,0,1,0,0,0,0,0,0,0,0,0,0,0,0,1
6,709310,2,0,0,0,0,0,0,0,0,1,0,0,0,0,0,8
6,709996,2,0,0,0,0,0,0,0,0,1,0,0,0,0,0,8
13,710954,2,0,1,0,0,0,0,0,0,0,0,0,0,0,0,1
11,711257,2,0,1,0,0,0,0,0,0,0,0,0,0,0,0,1
4,711741,2,0,1,0,0,0,0,0,0,0,0,0,0,0,0,1
2,712050,2,0,0,0,0,0,0,0,0,1,0,0,0,0,0,8
12,712179,2,0,1,0,0,0,0,0,0,0,0,0,0,0,0,1
14,712288,2,0,1,0,0,0,0,0,0,0,0,0,0,0,0,1
6,712771,2,0,1,0,0,0,0,0,0,0,0,0,0,0,0,1
14,713515,2,0,0,0,0,0,0,0,0,1,0,0,0,0,0,8
3,713776,2,0,1,0,0,0,0,0,0,0,0,0,0,0,0,1
11,714562,2,0,1,0,0,0,0,0,0,0,0,0,0,0,0,1
9,714912,2,0,1,0,0,0,0,0,0,0,0,0,0,0,0,1
14,714969,2,0,1,0,0,0,0,0,0,0,0,0,0,0,0,1
15,715682,2,0,0,0,0,0,0,0,0,1,0,0,0,0,0,8
13,715749,2,0,1,0,0,0,0,0,0,0,0,0,0,0,0,1
11,717245,2,0,1,0,0,0,0,0,0,0,0,0,0,0,0,1
7,717738,2,0,1,0,0,0,0,0,0,0,0,0,0,0,0,1
4,718644,2,0,1,0,0,0,0,0,0,0,0,0,0,0,0,1
4,718895,2,0,1,0,0,0,0,0,0,0,0,0,0,0,0,1
9,719128,2,0,1,0,0,0,0,0,0,0,0,0,0,0,0,1
8,719449,2,0,1,0,0,0,0,0,0,0,0,0,0,0,0,1
0,720424,2,0,1,0,0,0,0,0,0,0,0,0,0,0,0,1
7,720979,2,0,1,0,0,0,0,0,0,0,0,0,0,0,0,1
8,721310,2,0,1,0,0,0,0,0,0,0,0,0,0,0,0,1
15,722306,2,0,1,0,0,0,0,0,0,0,0,0,0,0,0,1
12,722823,2,0,1,0,0,0,0,0,0,0,0,0,0,0,0,1
3,722929,2,0,1,0,0,0,0,0,0,0,0,0,0,0,0,1
11,724310,2,0,1,0,0,0,0,0,0,0,0,0,0,0,0,1
4,724782,2,0,1,0,0,0,0,0,0,0,0,0,0,0,0,1
11,726135,2,0,1,0,0,0,0,0,0,0,0,0,0,0,0,1
9,726632,2,0,0,0,0,0,0,0,0,1,0,0,0,0,0,8
12,727508,2,0,1,0,0,0,0,0,0,0,0,0,0,0,0,1
7,729557,2,0,1,0,0,0,0,0,0,0,0,0,0,0,0,1
5,730489,2,0,1,0,0,0,0,0,0,0,0,0,0,0,0,1
13,730668,2,0,1,0,0,0,0,0,0,0,0,0,0,0,0,1
7,730961,2,0,1,0,0,0,0,0,0,0,0,0,0,0,0,1
8,732308,2,0,1,0,0,0,0,0,0,0,0,0,0,0,0,1
4,733888,2,0,1,0,0,0,0,0,0,0,0,0,0,0,0,1
15,734078,2,0,1,0,0,0,0,0,0,0,0,0,0,0,0,1
14,735192,2,0,1,0,0,0,0,0,0,0,0,0,0,0,0,1
6,735459,2,0,0,0,0,0,0,0,0,1,0,0,0,0,0,8
7,735630,2,0,1,0,0,0,0,0,0,0,0,0,0,0,0,1
7,735966,2,0,1,0,0,0,0,0,0,0,0,0,0,0,0,1
9,736198,2,0,1,0,0,0,0,0,0,0,0,0,0,0,0,1
9,737002,2,0,1,0,0,0,0,0,0,0,0,0,0,0,0,1
7,739241,2,0,1,0,0,0,0,0,0,0,0,0,0,0,0,1
9,739967,2,0,0,0,0,0,0,0,0,1,0,0,0,0,0,8
1,740232,2,0,1,0,0,0,0,0,0,0,0,0,0,0,0,1
13,740412,2,0,1,0,0,0,0,0,0,0,0,0,0,0,0,1
14,740589,2,0,1,0,0,0,0,0,0,0,0,0,0,0,0,1
12,740733,2,0,1,0,0,0,0,0,0,0,0,0,0,0,0,1
5,742182,2,0,1,0,0,0,0,0,0,0,0,0,0,0,0,1
9,742349,2,0,1,0,0,0,0,0,0,0,0,0,0,0,0,1
6,745468,2,0,1,0,0,0,0,0,0,0,0,0,0,0,0,1
13,745473,2,0,1,0,0,0,0,0,0,0,0,0,0,0,0,1
3,745739,2,0,0,0,0,0,0,0,0,1,0,0,0,0,0,8
9,746585,2,0,1,0,0,0,0,0,0,0,0,0,0,0,0,1
4,746816,2,0,1,0,0,0,0,0,0,0,0,0,0,0,0,1
0,747780,2,0,1,0,0,0,0,0,0,0,0,0,0,0,0,1
12,748287,2,0,1,0,0,0,0,0,0,0,0,0,0,0,0,1
0,748879,2,0,1,0,0,0,0,0,0,0,0,0,0,0,0,1
8,749261,2,0,1,0,0,0,0,0,0,0,0,0,0,0,0,1
12,749316,2,0,1,0,0,0,0,0,0,0,0,0,0,0,0,1
4,749464,2,0,1,0,0,0,0,0,0,0,0,0,0,0,0,1
4,749652,2,0,1,0,0,0,0,0,0,0,0,0,0,0,0,1
7,750525,2,0,1,0,0,0,0,0,0,0,0,0,0,0,0,1
14,750860,2,0,1,0,0,0,0,0,0,0,0,0,0,0,0,1
7,752199,2,0,0,0,0,0,0,0,0,1,0,0,0,0,0,8
7,752538,2,0,1,0,0,0,0,0,0,0,0,0,0,0,0,1
4,753421,2,0,1,0,0,0,0,0,0,0,0,0,0,0,0,1
11,753784,2,0,0,0,0,0,0,0,0,1,0,0,0,0,0,8
15,755281,2,0,1,0,0,0,0,0,0,0,0,0,0,0,0,1
7,756967,2,0,0,0,0,0,0,0,0,1,0,0,0,0,0,8
7,757154,2,0,1,0,0,0,0,0,0,0,0,0,0,0,0,1
13,757264,2,0,1,0,0,0,0,0,0,0,0,0,0,0,0,1
0,757508,2,0,1,0,0,0,0,0,0,0,0,0,0,0,0,1
15,758859,2,0,1,0,0,0,0,0,0,0,0,0,0,0,0,1
11,759303,2,0,1,0,0,0,0,0,0,0,0,0,0,0,0,1
3,759794,2,0,1,0,0,0,0,0,0,0,0,0,0,0,0,1
0,759915,2,0,1,0,0,0,0,0,0,0,0,0,0,0,0,1
1,760894,2,0,1,0,0,0,0,0,0,0,0,0,0,0,0,1
14,761233,2,0,1,0,0,0,0,0,0,0,0,0,0,0,0,1
10,761595,2,0,1,0,0,0,0,0,0,0,0,0,0,0,0,1
3,761770,2,0,1,0,0,0,0,0,0,0,0,0,0,0,0,1
1,761914,2,0,1,0,0,0,0,0,0,0,0,0,0,0,0,1
12,763098,2,0,1,0,0,0,0,0,0,0,0,0,0,0,0,1
0,763140,2,0,0,0,0,0,0,0,0,1,0,0,0,0,0,8
9,763485,2,0,1,0,0,0,0,0,0,0,0,0,0,0,0,1
4,764375,2,0,1,0,0,0,0,0,0,0,0,0,0,0,0,1
9,764551,2,0,0,0,0,0,0,0,0,1,0,0,0,0,0,8
8,765004,2,0,1,0,0,0,0,0,0,0,0,0,0,0,0,1
2,765148,2,0,1,0,0,0,0,0,0,0,0,0,0,0,0,1
12,765282,2,0,1,0,0,0,0,0,0,0,0,0,0,0,0,1
11,765418,2,0,1,0,0,0,0,0,0,0,0,0,0,0,0,1
14,765817,2,0,1,0,0,0,0,0,0,0,0,0,0,0,0,1
8,765907,2,0,1,0,0,0,0,0,0,0,0,0,0,0,0,1
5,766750,2,0,0,0,0,0,0,0,0,1,0,0,0,0,0,8
11,767945,2,0,1,0,0,0,0,0,0,0,0,0,0,0,0,1
12,768429,2,0,1,0,0,0,0,0,0,0,0,0,0,0,0,1
11,768443,2,0,1,0,0,0,0,0,0,0,0,0,0,0,0,1
4,769404,2,0,1,0,0,0,0,0,0,0,0,0,0,0,0,1
0,769677,2,0,1,0,0,0,0,0,0,0,0,0,0,0,0,1
6,770354,2,0,1,0,0,0,0,0,0,0,0,0,0,0,0,1
1,770599,2,0,1,0,0,0,0,0,0,0,0,0,0,0,0,1
2,770974,2,0,1,0,0,0,0,0,0,0,0,0,0,0,0,1
5,771115,2,0,1,0,0,0,0,0,0,0,0,0,0,0,0,1
6,771251,2,0,1,0,0,0,0,0,0,0,0,0,0,0,0,1
6,771794,2,0,1,0,0,0,0,0,0,0,0,0,0,0,0,1
15,772607,2,0,1,0,0,0,0,0,0,0,0,0,0,0,0,1
4,772650,2,0,0,0,0,0,0,0,0,1,0,0,0,0,0,8
13,772743,2,0,1,0,0,0,0,0,0,0,0,0,0,0,0,1
14,773388,2,0,1,0,0,0,0,0,0,0,0,0,0,0,0,1
15,773476,2,0,1,0,0,0,0,0,0,0,0,0,0,0,0,1
7,773547,2,0,1,0,0,0,0,0,0,0,0,0,0,0,0,1
12,774402,2,0,0,0,0,0,0,0,0,1,0,0,0,0,0,8
11,775269,2,0,0,0,0,0,0,0,0,1,0,0,0,0,0,8
7,775337,2,0,1,0,0,0,0,0,0,0,0,0,0,0,0,1
11,775620,2,0,0,0,0,0,0,0,0,1,0,0,0,0,0,8
0,777120,2,0,1,0,0,0,0,0,0,0,0,0,0,0,0,1
10,777297,2,0,1,0,0,0,0,0,0,0,0,0,0,0,0,1
8,777812,2,0,1,0,0,0,0,0,0,0,0,0,0,0,0,1
10,778069,2,0,1,0,0,0,0,0,0,0,0,0,0,0,0,1
14,778183,2,0,0,0,0,0,0,0,0,1,0,0,0,0,0,8
5,778727,2,0,1,0,0,0,0,0,0,0,0,0,0,0,0,1
10,778835,2,0,0,0,0,0,0,0,0,1,0,0,0,0,0,8
9,779823,2,0,0,0,0,0,0,0,0,1,0,0,0,0,0,8
14,780047,2,0,1,0,0,0,0,0,0,0,0,0,0,0,0,1
14,780430,2,0,0,0,0,0,0,0,0,1,0,0,0,0,0,8
13,780884,2,0,0,0,0,0,0,0,0,1,0,0,0,0,0,8
15,781366,2,0,1,0,0,0,0,0,0,0,0,0,0,0,0,1
15,782007,2,0,1,0,0,0,0,0,0,0,0,0,0,0,0,1
14,782575,2,0,1,0,0,0,0,0,0,0,0,0,0,0,0,1
15,782826,2,0,1,0,0,0,0,0,0,0,0,0,0,0,0,1
8,782937,2,0,1,0,0,0,0,0,0,0,0,0,0,0,0,1
0,783293,2,0,1,0,0,0,0,0,0,0,0,0,0,0,0,1
9,783586,2,0,1,0,0,0,0,0,0,0,0,0,0,0,0,1
0,783865,2,0,0,0,0,0,0,0,0,1,0,0,0,0,0,8
14,783932,2,0,1,0,0,0,0,0,0,0,0,0,0,0,0,1
14,784126,2,0,1,0,0,0,0,0,0,0,0,0,0,0,0,1
7,784248,2,0,1,0,0,0,0,0,0,0,0,0,0,0,0,1
8,784283,2,0,1,0,0,0,0,0,0,0,0,0,0,0,0,1
8,784348,2,0,1,0,0,0,0,0,0,0,0,0,0,0,0,1
1,786011,2,0,1,0,0,0,0,0,0,0,0,0,0,0,0,1
9,786669,2,0,1,0,0,0,0,0,0,0,0,0,0,0,0,1
7,787177,2,0,0,0,0,0,0,0,0,1,0,0,0,0,0,8
15,788070,2,0,1,0,0,0,0,0,0,0,0,0,0,0,0,1
0,789428,2,0,1,0,0,0,0,0,0,0,0,0,0,0,0,1
1,789469,2,0,1,0,0,0,0,0,0,0,0,0,0,0,0,1
11,790201,2,0,1,0,0,0,0,0,0,0,0,0,0,0,0,1
5,790679,2,0,1,0,0,0,0,0,0,0,0,0,0,0,0,1
2,791637,2,0,0,0,0,0,0,0,0,1,0,0,0,0,0,8
8,792023,2,0,1,0,0,0,0,0,0,0,0,0,0,0,0,1
12,792714,2,0,1,0,0,0,0,0,0,0,0,0,0,0,0,1
1,792934,2,0,1,0,0,0,0,0,0,0,0,0,0,0,0,1
13,793321,2,0,1,0,0,0,0,0,0,0,0,0,0,0,0,1
15,793572,2,0,1,0,0,0,0,0,0,0,0,0,0,0,0,1
4,793648,2,0,1,0,0,0,0,0,0,0,0,0,0,0,0,1
0,794747,2,0,1,0,0,0,0,0,0,0,0,0,0,0,0,1
8,794925,2,0,1,0,0,0,0,0,0,0,0,0,0,0,0,1
11,795462,2,0,0,0,0,0,0,0,0,1,0,0,0,0,0,8
12,795584,2,0,1,0,0,0,0,0,0,0,0,0,0,0,0,1
14,796795,2,0,1,0,0,0,0,0,0,0,0,0,0,0,0,1
10,798064,2,0,1,0,0,0,0,0,0,0,0,0,0,0,0,1
8,798452,2,0,1,0,0,0,0,0,0,0,0,0,0,0,0,1
13,799350,2,0,1,0,0,0,0,0,0,0,0,0,0,0,0,1
2,800722,2,0,1,0,0,0,0,0,0,0,0,0,0,0,0,1
13,801439,2,0,1,0,0,0,0,0,0,0,0,0,0,0,0,1
6,801484,2,0,1,0,0,0,0,0,0,0,0,0,0,0,0,1
13,802934,2,0,1,0,0,0,0,0,0,0,0,0,0,0,0,1
10,803488,2,0,1,0,0,0,0,0,0,0,0,0,0,0,0,1
10,803656,2,0,1,0,0,0,0,0,0,0,0,0,0,0,0,1
11,804807,2,0,1,0,0,0,0,0,0,0,0,0,0,0,0,1
7,805247,2,0,1,0,0,0,0,0,0,0,0,0,0,0,0,1
5,805448,2,0,1,0,0,0,0,0,0,0,0,0,0,0,0,1
10,806755,2,0,1,0,0,0,0,0,0,0,0,0,0,0,0,1
4,807151,2,0,1,0,0,0,0,0,0,0,0,0,0,0,0,1
10,809837,2,0,1,0,0,0,0,0,0,0,0,0,0,0,0,1
15,810007,2,0,1,0,0,0,0,0,0,0,0,0,0,0,0,1
9,810058,2,0,1,0,0,0,0,0,0,0,0,0,0,0,0,1
4,810130,2,0,1,0,0,0,0,0,0,0,0,0,0,0,0,1
5,811749,2,0,1,0,0,0,0,0,0,0,0,0,0,0,0,1
10,811931,2,0,1,0,0,0,0,0,0,0,0,0,0,0,0,1
5,813132,2,0,1,0,0,0,0,0,0,0,0,0,0,0,0,1
11,813391,2,0,1,0,0,0,0,0,0,0,0,0,0,0,0,1
14,813777,2,0,1,0,0,0,0,0,0,0,0,0,0,0,0,1
10,816310,2,0,0,0,0,0,0,0,0,1,0,0,0,0,0,8
4,816375,2,0,1,0,0,0,0,0,0,0,0,0,0,0,0,1
5,816908,2,0,1,0,0,0,0,0,0,0,0,0,0,0,0,1
13,817142,2,0,1,0,0,0,0,0,0,0,0,0,0,0,0,1
4,817189,2,0,0,0,0,0,0,0,0,1,0,0,0,0,0,8
11,817740,2,0,1,0,0,0,0,0,0,0,0,0,0,0,0,1
2,818691,2,0,1,0,0,0,0,0,0,0,0,0,0,0,0,1
13,820040,2,0,1,0,0,0,0,0,0,0,0,0,0,0,0,1
10,820097,2,0,1,0,0,0,0,0,0,0,0,0,0,0,0,1
7,821200,2,0,1,0,0,0,0,0,0,0,0,0,0,0,0,1
10,821269,2,0,1,0,0,0,0,0,0,0,0,0,0,0,0,1
5,824379,2,0,1,0,0,0,0,0,0,0,0,0,0,0,0,1
1,824977,2,0,1,0,0,0,0,0,0,0,0,0,0,0,0,1
5,826014,2,0,1,0,0,0,0,0,0,0,0,0,0,0,0,1
10,826523,2,0,1,0,0,0,0,0,0,0,0,0,0,0,0,1
5,826966,2,0,1,0,0,0,0,0,0,0,0,0,0,0,0,1
6,827809,2,0,1,0,0,0,0,0,0,0,0,0,0,0,0,1
11,828486,2,0,1,0,0,0,0,0,0,0,0,0,0,0,0,1
12,829077,2,0,0,0,0,0,0,0,0,1,0,0,0,0,0,8
11,830513,2,0,0,0,0,0,0,0,0,1,0,0,0,0,0,8
3,830809,2,0,1,0,0,0,0,0,0,0,0,0,0,0,0,1
8,831071,2,0,1,0,0,0,0,0,0,0,0,0,0,0,0,1
1,831082,2,0,1,0,0,0,0,0,0,0,0,0,0,0,0,1
11,831190,2,0,1,0,0,0,0,0,0,0,0,0,0,0,0,1
14,831508,2,0,1,0,0,0,0,0,0,0,0,0,0,0,0,1
13,832492,2,0,1,0,0,0,0,0,0,0,0,0,0,0,0,1
10,833352,2,0,1,0,0,0,0,0,0,0,0,0,0,0,0,1
13,833777,2,0,1,0,0,0,0,0,0,0,0,0,0,0,0,1
4,834532,2,0,1,0,0,0,0,0,0,0,0,0,0,0,0,1
8,834762,2,0,1,0,0,0,0,0,0,0,0,0,0,0,0,1
10,835678,2,0,1,0,0,0,0,0,0,0,0,0,0,0,0,1
1,835937,2,0,1,0,0,0,0,0,0,0,0,0,0,0,0,1
11,836400,2,0,1,0,0,0,0,0,0,0,0,0,0,0,0,1
12,836856,2,0,1,0,0,0,0,0,0,0,0,0,0,0,0,1
10,837217,2,0,0,0,0,0,0,0,0,1,0,0,0,0,0,8
8,837655,2,0,0,0,0,0,0,0,0,1,0,0,0,0,0,8
8,837971,2,0,1,0,0,0,0,0,0,0,0,0,0,0,0,1
14,838791,2,0,1,0,0,0,0,0,0,0,0,0,0,0,0,1
11,840532,2,0,1,0,0,0,0,0,0,0,0,0,0,0,0,1
10,840590,2,0,1,0,0,0,0,0,0,0,0,0,0,0,0,1
14,840685,2,0,1,0,0,0,0,0,0,0,0,0,0,0,0,1
0,840705,2,0,1,0,0,0,0,0,0,0,0,0,0,0,0,1
5,841085,2,0,1,0,0,0,0,0,0,0,0,0,0,0,0,1
13,841579,2,0,1,0,0,0,0,0,0,0,0,0,0,0,0,1
3,842408,2,0,1,0,0,0,0,0,0,0,0,0,0,0,0,1
14,842651,2,0,1,0,0,0,0,0,0,0,0,0,0,0,0,1
4,842972,2,0,1,0,0,0,0,0,0,0,0,0,0,0,0,1
13,843526,2,0,0,0,0,0,0,0,0,1,0,0,0,0,0,8
15,844289,2,0,0,0,0,0,0,0,0,1,0,0,0,0,0,8
2,845473,2,0,1,0,0,0,0,0,0,0,0,0,0,0,0,1
8,846984,2,0,1,0,0,0,0,0,0,0,0,0,0,0,0,1
6,847620,2,0,1,0,0,0,0,0,0,0,0,0,0,0,0,1
15,848142,2,0,0,0,0,0,0,0,0,1,0,0,0,0,0,8
0,848380,2,0,1,0,0,0,0,0,0,0,0,0,0,0,0,1
10,848720,2,0,0,0,0,0,0,0,0,1,0,0,0,0,0,8
2,848983,2,0,1,0,0,0,0,0,0,0,0,0,0,0,0,1
11,849204,2,0,1,0,0,0,0,0,0,0,0,0,0,0,0,1
13,849281,2,0,1,0,0,0,0,0,0,0,0,0,0,0,0,1
3,850551,2,0,1,0,0,0,0,0,0,0,0,0,0,0,0,1
8,850957,2,0,1,0,0,0,0,0,0,0,0,0,0,0,0,1
5,850976,2,0,1,0,0,0,0,0,0,0,0,0,0,0,0,1
14,851665,2,0,1,0,0,0,0,0,0,0,0,0,0,0,0,1
4,852863,2,0,1,0,0,0,0,0,0,0,0,0,0,0,0,1
0,853425,2,0,1,0,0,0,0,0,0,0,0,0,0,0,0,1
13,854479,2,0,1,0,0,0,0,0,0,0,0,0,0,0,0,1
0,854928,2,0,1,0,0,0,0,0,0,0,0,0,0,0,0,1
14,856831,2,0,1,0,0,0,0,0,0,0,0,0,0,0,0,1
2,857253,2,0,1,0,0,0,0,0,0,0,0,0,0,0,0,1
4,859041,2,0,0,0,0,0,0,0,0,1,0,0,0,0,0,8
12,860760,2,0,0,0,0,0,0,0,0,1,0,0,0,0,0,8
13,861059,2,0,1,0,0,0,0,0,0,0,0,0,0,0,0,1
9,861845,2,0,1,0,0,0,0,0,0,0,0,0,0,0,0,1
2,861912,2,0,0,0,0,0,0,0,0,1,0,0,0,0,0,8
8,862462,2,0,1,0,0,0,0,0,0,0,0,0,0,0,0,1
4,864888,2,0,0,0,0,0,0,0,0,1,0,0,0,0,0,8
8,864899,2,0,1,0,0,0,0,0,0,0,0,0,0,0,0,1
10,865243,2,0,1,0,0,0,0,0,0,0,0,0,0,0,0,1
4,866900,2,0,1,0,0,0,0,0,0,0,0,0,0,0,0,1
6,867163,2,0,1,0,0,0,0,0,0,0,0,0,0,0,0,1
1,867385,2,0,0,0,0,0,0,0,0,1,0,0,0,0,0,8
3,867579,2,0,1,0,0,0,0,0,0,0,0,0,0,0,0,1
8,867714,2,0,1,0,0,0,0,0,0,0,0,0,0,0,0,1
13,868814,2,0,1,0,0,0,0,0,0,0,0,0,0,0,0,1
6,869407,2,0,1,0,0,0,0,0,0,0,0,0,0,0,0,1
12,869449,2,0,1,0,0,0,0,0,0,0,0,0,0,0,0,1
0,869663,2,0,0,0,0,0,0,0,0,1,0,0,0,0,0,8
6,870299,2,0,1,0,0,0,0,0,0,0,0,0,0,0,0,1
11,871512,2,0,1,0,0,0,0,0,0,0,0,0,0,0,0,1
4,871568,2,0,1,0,0,0,0,0,0,0,0,0,0,0,0,1
2,871964,2,0,1,0,0,0,0,0,0,0,0,0,0,0,0,1
2,872548,2,0,1,0,0,0,0,0,0,0,0,0,0,0,0,1
5,872565,2,0,1,0,0,0,0,0,0,0,0,0,0,0,0,1
11,872644,2,0,1,0,0,0,0,0,0,0,0,0,0,0,0,1
6,872916,2,0,1,0,0,0,0,0,0,0,0,0,0,0,0,1
3,873713,2,0,1,0,0,0,0,0,0,0,0,0,0,0,0,1
7,874875,2,0,1,0,0,0,0,0,0,0,0,0,0,0,0,1
9,874900,2,0,1,0,0,0,0,0,0,0,0,0,0,0,0,1
6,874901,2,0,1,0,0,0,0,0,0,0,0,0,0,0,0,1
10,875090,2,0,1,0,0,0,0,0,0,0,0,0,0,0,0,1
7,877677,2,0,1,0,0,0,0,0,0,0,0,0,0,0,0,1
0,879729,2,0,1,0,0,0,0,0,0,0,0,0,0,0,0,1
14,881130,2,0,1,0,0,0,0,0,0,0,0,0,0,0,0,1
11,881324,2,0,1,0,0,0,0,0,0,0,0,0,0,0,0,1
3,881749,2,0,1,0,0,0,0,0,0,0,0,0,0,0,0,1
1,882387,2,0,1,0,0,0,0,0,0,0,0,0,0,0,0,1
5,883068,2,0,1,0,0,0,0,0,0,0,0,0,0,0,0,1
12,884035,2,0,1,0,0,0,0,0,0,0,0,0,0,0,0,1
11,884307,2,0,1,0,0,0,0,0,0,0,0,0,0,0,0,1
14,884349,2,0,1,0,0,0,0,0,0,0,0,0,0,0,0,1
3,884792,2,0,1,0,0,0,0,0,0,0,0,0,0,0,0,1
14,885133,2,0,1,0,0,0,0,0,0,0,0,0,0,0,0,1
12,885142,2,0,1,0,0,0,0,0,0,0,0,0,0,0,0,1
10,885291,2,0,1,0,0,0,0,0,0,0,0,0,0,0,0,1
7,885968,2,0,0,0,0,0,0,0,0,1,0,0,0,0,0,8
4,886598,2,0,1,0,0,0,0,0,0,0,0,0,0,0,0,1
2,888766,2,0,1,0,0,0,0,0,0,0,0,0,0,0,0,1
14,889222,2,0,0,0,0,0,0,0,0,1,0,0,0,0,0,8
14,889970,2,0,1,0,0,0,0,0,0,0,0,0,0,0,0,1
1,890078,2,0,1,0,0,0,0,0,0,0,0,0,0,0,0,1
9,891045,2,0,0,0,0,0,0,0,0,1,0,0,0,0,0,8
8,892437,2,0,1,0,0,0,0,0,0,0,0,0,0,0,0,1
4,893116,2,0,1,0,0,0,0,0,0,0,0,0,0,0,0,1
7,893999,2,0,1,0,0,0,0,0,0,0,0,0,0,0,0,1
14,894413,2,0,0,0,0,0,0,0,0,1,0,0,0,0,0,8
14,894586,2,0,1,0,0,0,0,0,0,0,0,0,0,0,0,1
13,894809,2,0,1,0,0,0,0,0,0,0,0,0,0,0,0,1
8,895096,2,0,1,0,0,0,0,0,0,0,0,0,0,0,0,1
1,895200,2,0,0,0,0,0,0,0,0,1,0,0,0,0,0,8
10,895657,2,0,1,0,0,0,0,0,0,0,0,0,0,0,0,1
15,895805,2,0,1,0,0,0,0,0,0,0,0,0,0,0,0,1
8,897617,2,0,1,0,0,0,0,0,0,0,0,0,0,0,0,1
15,898186,2,0,1,0,0,0,0,0,0,0,0,0,0,0,0,1
7,899430,2,0,1,0,0,0,0,0,0,0,0,0,0,0,0,1
0,899609,2,0,1,0,0,0,0,0,0,0,0,0,0,0,0,1
6,900711,2,0,1,0,0,0,0,0,0,0,0,0,0,0,0,1
14,901181,2,0,1,0,0,0,0,0,0,0,0,0,0,0,0,1
0,901499,2,0,1,0,0,0,0,0,0,0,0,0,0,0,0,1
10,904563,2,0,1,0,0,0,0,0,0,0,0,0,0,0,0,1
4,904738,2,0,1,0,0,0,0,0,0,0,0,0,0,0,0,1
15,906133,2,0,1,0,0,0,0,0,0,0,0,0,0,0,0,1
1,906231,2,0,1,0,0,0,0,0,0,0,0,0,0,0,0,1
15,906369,2,0,1,0,0,0,0,0,0,0,0,0,0,0,0,1
4,907075,2,0,1,0,0,0,0,0,0,0,0,0,0,0,0,1
9,908156,2,0,1,0,0,0,0,0,0,0,0,0,0,0,0,1
10,908428,2,0,0,0,0,0,0,0,0,1,0,0,0,0,0,8
12,908702,2,0,1,0,0,0,0,0,0,0,0,0,0,0,0,1
3,909938,2,0,0,0,0,0,0,0,0,1,0,0,0,0,0,8
1,911358,2,0,1,0,0,0,0,0,0,0,0,0,0,0,0,1
10,911925,2,0,1,0,0,0,0,0,0,0,0,0,0,0,0,1
0,912748,2,0,1,0,0,0,0,0,0,0,0,0,0,0,0,1
5,913598,2,0,1,0,0,0,0,0,0,0,0,0,0,0,0,1
6,914285,2,0,0,0,0,0,0,0,0,1,0,0,0,0,0,8
4,914329,2,0,1,0,0,0,0,0,0,0,0,0,0,0,0,1
10,914389,2,0,1,0,0,0,0,0,0,0,0,0,0,0,0,1
14,914723,2,0,1,0,0,0,0,0,0,0,0,0,0,0,0,1
9,914868,2,0,1,0,0,0,0,0,0,0,0,0,0,0,0,1
1,915113,2,0,1,0,0,0,0,0,0,0,0,0,0,0,0,1
2,916417,2,0,0,0,0,0,0,0,0,1,0,0,0,0,0,8
5,916491,2,0,1,0,0,0,0,0,0,0,0,0,0,0,0,1
1,917342,2,0,1,0,0,0,0,0,0,0,0,0,0,0,0,1
13,918433,2,0,0,0,0,0,0,0,0,1,0,0,0,0,0,8
8,918521,2,0,1,0,0,0,0,0,0,0,0,0,0,0,0,1
2,919100,2,0,1,0,0,0,0,0,0,0,0,0,0,0,0,1
13,919557,2,0,1,0,0,0,0,0,0,0,0,0,0,0,0,1
11,919615,2,0,0,0,0,0,0,0,0,1,0,0,0,0,0,8
13,919964,2,0,1,0,0,0,0,0,0,0,0,0,0,0,0,1
6,920427,2,0,1,0,0,0,0,0,0,0,0,0,0,0,0,1
3,920584,2,0,1,0,0,0,0,0,0,0,0,0,0,0,0,1
4,920836,2,0,1,0,0,0,0,0,0,0,0,0,0,0,0,1
14,921933,2,0,0,0,0,0,0,0,0,1,0,0,0,0,0,8
13,922694,2,0,1,0,0,0,0,0,0,0,0,0,0,0,0,1
5,923141,2,0,1,0,0,0,0,0,0,0,0,0,0,0,0,1
6,923415,2,0,1,0,0,0,0,0,0,0,0,0,0,0,0,1
8,923533,2,0,1,0,0,0,0,0,0,0,0,0,0,0,0,1
4,923980,2,0,0,0,0,0,0,0,0,1,0,0,0,0,0,8
13,924586,2,0,1,0,0,0,0,0,0,0,0,0,0,0,0,1
8,924936,2,0,1,0,0,0,0,0,0,0,0,0,0,0,0,1
11,924965,2,0,1,0,0,0,0,0,0,0,0,0,0,0,0,1
15,925095,2,0,1,0,0,0,0,0,0,0,0,0,0,0,0,1
15,925283,2,0,1,0,0,0,0,0,0,0,0,0,0,0,0,1
13,926269,2,0,1,0,0,0,0,0,0,0,0,0,0,0,0,1
1,926341,2,0,1,0,0,0,0,0,0,0,0,0,0,0,0,1
8,926896,2,0,0,0,0,0,0,0,0,1,0,0,0,0,0,8
5,927412,2,0,0,0,0,0,0,0,0,1,0,0,0,0,0,8
13,927661,2,0,1,0,0,0,0,0,0,0,0,0,0,0,0,1
8,928953,2,0,0,0,0,0,0,0,0,1,0,0,0,0,0,8
12,929045,2,0,1,0,0,0,0,0,0,0,0,0,0,0,0,1
4,930057,2,0,1,0,0,0,0,0,0,0,0,0,0,0,0,1
15,930141,2,0,1,0,0,0,0,0,0,0,0,0,0,0,0,1
4,930158,2,0,0,0,0,0,0,0,0,1,0,0,0,0,0,8
10,930758,2,0,0,0,0,0,0,0,0,1,0,0,0,0,0,8
7,931232,2,0,1,0,0,0,0,0,0,0,0,0,0,0,0,1
3,931325,2,0,1,0,0,0,0,0,0,0,0,0,0,0,0,1
4,933453,2,0,1,0,0,0,0,0,0,0,0,0,0,0,0,1
9,934277,2,0,1,0,0,0,0,0,0,0,0,0,0,0,0,1
7,934824,2,0,1,0,0,0,0,0,0,0,0,0,0,0,0,1
12,935271,2,0,1,0,0,0,0,0,0,0,0,0,0,0,0,1
0,935852,2,0,1,0,0,0,0,0,0,0,0,0,0,0,0,1
3,936836,2,0,1,0,0,0,0,0,0,0,0,0,0,0,0,1
11,937465,2,0,1,0,0,0,0,0,0,0,0,0,0,0,0,1
13,937645,2,0,1,0,0,0,0,0,0,0,0,0,0,0,0,1
4,938055,2,0,1,0,0,0,0,0,0,0,0,0,0,0,0,1
15,938168,2,0,1,0,0,0,0,0,0,0,0,0,0,0,0,1
6,938348,2,0,1,0,0,0,0,0,0,0,0,0,0,0,0,1
14,938963,2,0,1,0,0,0,0,0,0,0,0,0,0,0,0,1
9,939226,2,0,0,0,0,0,0,0,0,1,0,0,0,0,0,8
6,939939,2,0,1,0,0,0,0,0,0,0,0,0,0,0,0,1
15,940304,2,0,1,0,0,0,0,0,0,0,0,0,0,0,0,1
1,940838,2,0,1,0,0,0,0,0,0,0,0,0,0,0,0,1
2,942316,2,0,1,0,0,0,0,0,0,0,0,0,0,0,0,1
10,942532,2,0,0,0,0,0,0,0,0,1,0,0,0,0,0,8
15,942713,2,0,1,0,0,0,0,0,0,0,0,0,0,0,0,1
15,942773,2,0,1,0,0,0,0,0,0,0,0,0,0,0,0,1
13,943010,2,0,1,0,0,0,0,0,0,0,0,0,0,0,0,1
14,943566,2,0,0,0,0,0,0,0,0,1,0,0,0,0,0,8
5,944583,2,0,1,0,0,0,0,0,0,0,0,0,0,0,0,1
2,944588,2,0,1,0,0,0,0,0,0,0,0,0,0,0,0,1
2,944922,2,0,1,0,0,0,0,0,0,0,0,0,0,0,0,1
12,945111,2,0,1,0,0,0,0,0,0,0,0,0,0,0,0,1
1,945581,2,0,1,0,0,0,0,0,0,0,0,0,0,0,0,1
12,946068,2,0,1,0,0,0,0,0,0,0,0,0,0,0,0,1
7,946226,2,0,1,0,0,0,0,0,0,0,0,0,0,0,0,1
14,946471,2,0,0,0,0,0,0,0,0,1,0,0,0,0,0,8
5,946792,2,0,1,0,0,0,0,0,0,0,0,0,0,0,0,1
13,947127,2,0,1,0,0,0,0,0,0,0,0,0,0,0,0,1
1,947240,2,0,1,0,0,0,0,0,0,0,0,0,0,0,0,1
8,947604,2,0,1,0,0,0,0,0,0,0,0,0,0,0,0,1
14,947701,2,0,0,0,0,0,0,0,0,1,0,0,0,0,0,8
11,947803,2,0,1,0,0,0,0,0,0,0,0,0,0,0,0,1
3,948835,2,0,1,0,0,0,0,0,0,0,0,0,0,0,0,1
11,948965,2,0,1,0,0,0,0,0,0,0,0,0,0,0,0,1
15,949002,2,0,0,0,0,0,0,0,0,1,0,0,0,0,0,8
3,949109,2,0,0,0,0,0,0,0,0,1,0,0,0,0,0,8
0,949387,2,0,1,0,0,0,0,0,0,0,0,0,0,0,0,1
5,949691,2,0,1,0,0,0,0,0,0,0,0,0,0,0,0,1
3,949726,2,0,1,0,0,0,0,0,0,0,0,0,0,0,0,1
15,949944,2,0,1,0,0,0,0,0,0,0,0,0,0,0,0,1
10,950537,2,0,1,0,0,0,0,0,0,0,0,0,0,0,0,1
2,951012,2,0,1,0,0,0,0,0,0,0,0,0,0,0,0,1
14,951168,2,0,1,0,0,0,0,0,0,0,0,0,0,0,0,1
2,952975,2,0,0,0,0,0,0,0,0,1,0,0,0,0,0,8
12,953729,2,0,1,0,0,0,0,0,0,0,0,0,0,0,0,1
2,953825,2,0,1,0,0,0,0,0,0,0,0,0,0,0,0,1
11,954555,2,0,1,0,0,0,0,0,0,0,0,0,0,0,0,1
1,954665,2,0,1,0,0,0,0,0,0,0,0,0,0,0,0,1
5,954811,2,0,1,0,0,0,0,0,0,0,0,0,0,0,0,1
6,955123,2,0,0,0,0,0,0,0,0,1,0,0,0,0,0,8
4,955824,2,0,1,0,0,0,0,0,0,0,0,0,0,0,0,1
10,957102,2,0,1,0,0,0,0,0,0,0,0,0,0,0,0,1
5,958666,2,0,1,0,0,0,0,0,0,0,0,0,0,0,0,1
2,958984,2,0,0,0,0,0,0,0,0,1,0,0,0,0,0,8
13,959036,2,0,1,0,0,0,0,0,0,0,0,0,0,0,0,1
14,959127,2,0,1,0,0,0,0,0,0,0,0,0,0,0,0,1
6,959162,2,0,0,0,0,0,0,0,0,1,0,0,0,0,0,8
13,959871,2,0,1,0,0,0,0,0,0,0,0,0,0,0,0,1
13,961246,2,0,1,0,0,0,0,0,0,0,0,0,0,0,0,1
10,961917,2,0,1,0,0,0,0,0,0,0,0,0,0,0,0,1
0,964979,2,0,1,0,0,0,0,0,0,0,0,0,0,0,0,1
1,965218,2,0,1,0,0,0,0,0,0,0,0,0,0,0,0,1
0,966481,2,0,1,0,0,0,0,0,0,0,0,0,0,0,0,1
9,966727,2,0,0,0,0,0,0,0,0,1,0,0,0,0,0,8
0,967904,2,0,1,0,0,0,0,0,0,0,0,0,0,0,0,1
1,968129,2,0,0,0,0,0,0,0,0,1,0,0,0,0,0,8
9,968664,2,0,1,0,0,0,0,0,0,0,0,0,0,0,0,1
12,969012,2,0,1,0,0,0,0,0,0,0,0,0,0,0,0,1
14,969384,2,0,1,0,0,0,0,0,0,0,0,0,0,0,0,1
1,971211,2,0,1,0,0,0,0,0,0,0,0,0,0,0,0,1
11,971744,2,0,1,0,0,0,0,0,0,0,0,0,0,0,0,1
8,972194,2,0,1,0,0,0,0,0,0,0,0,0,0,0,0,1
4,972622,2,0,1,0,0,0,0,0,0,0,0,0,0,0,0,1
8,973451,2,0,0,0,0,0,0,0,0,1,0,0,0,0,0,8
9,974238,2,0,0,0,0,0,0,0,0,1,0,0,0,0,0,8
13,974579,2,0,0,0,0,0,0,0,0,1,0,0,0,0,0,8
5,975533,2,0,1,0,0,0,0,0,0,0,0,0,0,0,0,1
8,976830,2,0,1,0,0,0,0,0,0,0,0,0,0,0,0,1
1,977943,2,0,1,0,0,0,0,0,0,0,0,0,0,0,0,1
12,978144,2,0,1,0,0,0,0,0,0,0,0,0,0,0,0,1
9,978365,2,0,1,0,0,0,0,0,0,0,0,0,0,0,0,1
1,978878,2,0,1,0,0,0,0,0,0,0,0,0,0,0,0,1
5,978982,2,0,1,0,0,0,0,0,0,0,0,0,0,0,0,1
11,979140,2,0,1,0,0,0,0,0,0,0,0,0,0,0,0,1
10,979829,2,0,0,0,0,0,0,0,0,1,0,0,0,0,0,8
5,981307,2,0,1,0,0,0,0,0,0,0,0,0,0,0,0,1
13,981941,2,0,1,0,0,0,0,0,0,0,0,0,0,0,0,1
5,982644,2,0,1,0,0,0,0,0,0,0,0,0,0,0,0,1
15,982712,2,0,1,0,0,0,0,0,0,0,0,0,0,0,0,1
15,982713,2,0,1,0,0,0,0,0,0,0,0,0,0,0,0,1
0,982830,2,0,1,0,0,0,0,0,0,0,0,0,0,0,0,1
7,983569,2,0,1,0,0,0,0,0,0,0,0,0,0,0,0,1
9,984570,2,0,0,0,0,0,0,0,0,1,0,0,0,0,0,8
6,985578,2,0,1,0,0,0,0,0,0,0,0,0,0,0,0,1
12,986672,2,0,1,0,0,0,0,0,0,0,0,0,0,0,0,1
0,986889,2,0,1,0,0,0,0,0,0,0,0,0,0,0,0,1
2,986968,2,0,1,0,0,0,0,0,0,0,0,0,0,0,0,1
2,988171,2,0,1,0,0,0,0,0,0,0,0,0,0,0,0,1
1,988350,2,0,1,0,0,0,0,0,0,0,0,0,0,0,0,1
5,989305,2,0,1,0,0,0,0,0,0,0,0,0,0,0,0,1
3,989592,2,0,1,0,0,0,0,0,0,0,0,0,0,0,0,1
5,989866,2,0,1,0,0,0,0,0,0,0,0,0,0,0,0,1
15,990107,2,0,1,0,0,0,0,0,0,0,0,0,0,0,0,1
1,990783,2,0,1,0,0,0,0,0,0,0,0,0,0,0,0,1
7,990988,2,0,1,0,0,0,0,0,0,0,0,0,0,0,0,1
4,991392,2,0,1,0,0,0,0,0,0,0,0,0,0,0,0,1
8,991418,2,0,1,0,0,0,0,0,0,0,0,0,0,0,0,1
3,992073,2,0,0,0,0,0,0,0,0,1,0,0,0,0,0,8
6,994371,2,0,1,0,0,0,0,0,0,0,0,0,0,0,0,1
7,994569,2,0,1,0,0,0,0,0,0,0,0,0,0,0,0,1
5,995979,2,0,0,0,0,0,0,0,0,1,0,0,0,0,0,8
8,996441,2,0,1,0,0,0,0,0,0,0,0,0,0,0,0,1
5,996863,2,0,1,0,0,0,0,0,0,0,0,0,0,0,0,1
3,997002,2,0,1,0,0,0,0,0,0,0,0,0,0,0,0,1
5,997085,2,0,1,0,0,0,0,0,0,0,0,0,0,0,0,1
4,997227,2,0,1,0,0,0,0,0,0,0,0,0,0,0,0,1
10,997288,2,0,1,0,0,0,0,0,0,0,0,0,0,0,0,1
2,997540,2,0,1,0,0,0,0,0,0,0,0,0,0,0,0,1
6,998044,2,0,0,0,0,0,0,0,0,1,0,0,0,0,0,8
4,998862,2,0,1,0,0,0,0,0,0,0,0,0,0,0,0,1
11,998914,2,0,1,0,0,0,0,0,0,0,0,0,0,0,0,1
14,999577,2,0,1,0,0,0,0,0,0,0,0,0,0,0,0,1
5,999652,2,0,1,0,0,0,0,0,0,0,0,0,0,0,0,1
