dram_module,sim_num,sim_stat,trans_1bit,trans_1word,trans_1col,trans_1row,trans_1bank,trans_nbank,trans_nrank,perm_1bit,perm_1word,perm_1col,perm_1row,perm_1bank,perm_nbank,perm_nrank
,2750,2,0,1,0,0,0,0,0,0,0,0,0,0,0,0
3,2835,2,0,1,0,0,0,0,0,0,0,0,0,0,0,0
1,3784,2,0,1,0,0,0,0,0,0,0,0,0,0,0,0
15,4782,2,0,1,0,0,0,0,0,0,0,0,0,0,0,0
12,5861,2,0,1,0,0,0,0,0,0,0,0,0,0,0,0
12,8665,2,0,1,0,0,0,0,0,0,0,0,0,0,0,0
4,9031,2,0,1,0,0,0,0,0,0,0,0,0,0,0,0
6,9863,2,0,1,0,0,0,0,0,0,0,0,0,0,0,0
13,11071,2,0,1,0,0,0,0,0,0,0,0,0,0,0,0
1,13050,2,0,1,0,0,0,0,0,0,0,0,0,0,0,0
13,13066,2,0,1,0,0,0,0,0,0,0,0,0,0,0,0
2,13376,2,0,1,0,0,0,0,0,0,0,0,0,0,0,0
6,13599,2,0,1,0,0,0,0,0,0,0,0,0,0,0,0
10,15758,2,0,1,0,0,0,0,0,0,0,0,0,0,0,0
7,15995,2,0,1,0,0,0,0,0,0,0,0,0,0,0,0
1,16891,2,0,1,0,0,0,0,0,0,0,0,0,0,0,0
14,19792,2,0,1,0,0,0,0,0,0,0,0,0,0,0,0
5,20056,2,0,1,0,0,0,0,0,0,0,0,0,0,0,0
4,21092,2,0,1,0,0,0,0,0,0,0,0,0,0,0,0
4,22093,2,0,1,0,0,0,0,0,0,0,0,0,0,0,0
14,22558,2,0,1,0,0,0,0,0,0,0,0,0,0,0,0
14,22893,2,0,1,0,0,0,0,0,0,0,0,0,0,0,0
12,24177,2,0,1,0,0,0,0,0,0,0,0,0,0,0,0
10,24230,2,0,1,0,0,0,0,0,0,0,0,0,0,0,0
1,24672,2,0,1,0,0,0,0,0,0,0,0,0,0,0,0
8,25027,2,0,1,0,0,0,0,0,0,0,0,0,0,0,0
4,25539,2,0,1,0,0,0,0,0,0,0,0,0,0,0,0
2,25677,2,0,1,0,0,0,0,0,0,0,0,0,0,0,0
2,26452,2,0,1,0,0,0,0,0,0,0,0,0,0,0,0
13,26529,2,0,1,0,0,0,0,0,0,0,0,0,0,0,0
12,26762,2,0,1,0,0,0,0,0,0,0,0,0,0,0,0
0,27091,2,0,1,0,0,0,0,0,0,0,0,0,0,0,0
4,28601,2,0,1,0,0,0,0,0,0,0,0,0,0,0,0
11,29588,2,0,1,0,0,0,0,0,0,0,0,0,0,0,0
7,29732,2,0,1,0,0,0,0,0,0,0,0,0,0,0,0
6,31123,2,0,1,0,0,0,0,0,0,0,0,0,0,0,0
8,31246,2,0,1,0,0,0,0,0,0,0,0,0,0,0,0
14,32099,2,0,1,0,0,0,0,0,0,0,0,0,0,0,0
8,32419,2,0,1,0,0,0,0,0,0,0,0,0,0,0,0
4,32717,2,0,1,0,0,0,0,0,0,0,0,0,0,0,0
12,34147,2,0,1,0,0,0,0,0,0,0,0,0,0,0,0
8,35363,2,0,1,0,0,0,0,0,0,0,0,0,0,0,0
1,35501,2,0,1,0,0,0,0,0,0,0,0,0,0,0,0
15,35982,2,0,1,0,0,0,0,0,0,0,0,0,0,0,0
6,36016,2,0,1,0,0,0,0,0,0,0,0,0,0,0,0
9,38204,2,0,1,0,0,0,0,0,0,0,0,0,0,0,0
6,38843,2,0,1,0,0,0,0,0,0,0,0,0,0,0,0
4,40745,2,0,1,0,0,0,0,0,0,0,0,0,0,0,0
8,42156,2,0,1,0,0,0,0,0,0,0,0,0,0,0,0
13,42161,2,0,1,0,0,0,0,0,0,0,0,0,0,0,0
9,42265,2,0,1,0,0,0,0,0,0,0,0,0,0,0,0
12,44087,2,0,1,0,0,0,0,0,0,0,0,0,0,0,0
9,46189,2,0,1,0,0,0,0,0,0,0,0,0,0,0,0
7,48136,2,0,1,0,0,0,0,0,0,0,0,0,0,0,0
3,48186,2,0,1,0,0,0,0,0,0,0,0,0,0,0,0
7,48763,2,0,1,0,0,0,0,0,0,0,0,0,0,0,0
4,49838,2,0,1,0,0,0,0,0,0,0,0,0,0,0,0
11,50488,2,0,1,0,0,0,0,0,0,0,0,0,0,0,0
4,51066,2,0,1,0,0,0,0,0,0,0,0,0,0,0,0
12,51467,2,0,1,0,0,0,0,0,0,0,0,0,0,0,0
6,52558,2,0,1,0,0,0,0,0,0,0,0,0,0,0,0
4,53479,2,0,1,0,0,0,0,0,0,0,0,0,0,0,0
8,54236,2,0,1,0,0,0,0,0,0,0,0,0,0,0,0
10,55386,2,0,1,0,0,0,0,0,0,0,0,0,0,0,0
0,56483,2,0,1,0,0,0,0,0,0,0,0,0,0,0,0
6,57222,2,0,1,0,0,0,0,0,0,0,0,0,0,0,0
1,57237,2,0,1,0,0,0,0,0,0,0,0,0,0,0,0
5,58846,2,0,1,0,0,0,0,0,0,0,0,0,0,0,0
15,59096,2,0,1,0,0,0,0,0,0,0,0,0,0,0,0
14,60817,2,0,1,0,0,0,0,0,0,0,0,0,0,0,0
4,61333,2,0,1,0,0,0,0,0,0,0,0,0,0,0,0
8,61746,2,0,1,0,0,0,0,0,0,0,0,0,0,0,0
0,61817,2,0,1,0,0,0,0,0,0,0,0,0,0,0,0
8,62253,2,0,1,0,0,0,0,0,0,0,0,0,0,0,0
9,63273,2,0,1,0,0,0,0,0,0,0,0,0,0,0,0
7,63446,2,0,1,0,0,0,0,0,0,0,0,0,0,0,0
13,64192,2,0,1,0,0,0,0,0,0,0,0,0,0,0,0
7,64283,2,0,1,0,0,0,0,0,0,0,0,0,0,0,0
2,64649,2,0,1,0,0,0,0,0,0,0,0,0,0,0,0
4,64691,2,0,1,0,0,0,0,0,0,0,0,0,0,0,0
4,64995,2,0,1,0,0,0,0,0,0,0,0,0,0,0,0
5,65905,2,0,1,0,0,0,0,0,0,0,0,0,0,0,0
8,66109,2,0,1,0,0,0,0,0,0,0,0,0,0,0,0
12,66980,2,0,1,0,0,0,0,0,0,0,0,0,0,0,0
2,67210,2,0,1,0,0,0,0,0,0,0,0,0,0,0,0
12,67609,2,0,1,0,0,0,0,0,0,0,0,0,0,0,0
0,67754,2,0,1,0,0,0,0,0,0,0,0,0,0,0,0
0,69269,2,0,1,0,0,0,0,0,0,0,0,0,0,0,0
4,69550,2,0,1,0,0,0,0,0,0,0,0,0,0,0,0
6,70206,2,0,1,0,0,0,0,0,0,0,0,0,0,0,0
11,71644,2,0,1,0,0,0,0,0,0,0,0,0,0,0,0
13,72960,2,0,1,0,0,0,0,0,0,0,0,0,0,0,0
13,72995,2,0,1,0,0,0,0,0,0,0,0,0,0,0,0
6,73050,2,0,1,0,0,0,0,0,0,0,0,0,0,0,0
4,74180,2,0,1,0,0,0,0,0,0,0,0,0,0,0,0
3,74386,2,0,1,0,0,0,0,0,0,0,0,0,0,0,0
2,75345,2,0,1,0,0,0,0,0,0,0,0,0,0,0,0
13,76257,2,0,1,0,0,0,0,0,0,0,0,0,0,0,0
10,76718,2,0,1,0,0,0,0,0,0,0,0,0,0,0,0
11,76782,2,0,1,0,0,0,0,0,0,0,0,0,0,0,0
9,77012,2,0,1,0,0,0,0,0,0,0,0,0,0,0,0
6,77037,2,0,1,0,0,0,0,0,0,0,0,0,0,0,0
1,77061,2,0,1,0,0,0,0,0,0,0,0,0,0,0,0
11,77112,2,0,1,0,0,0,0,0,0,0,0,0,0,0,0
13,78828,2,0,1,0,0,0,0,0,0,0,0,0,0,0,0
15,79524,2,0,1,0,0,0,0,0,0,0,0,0,0,0,0
3,79773,2,0,1,0,0,0,0,0,0,0,0,0,0,0,0
9,81626,2,0,1,0,0,0,0,0,0,0,0,0,0,0,0
10,82448,2,0,1,0,0,0,0,0,0,0,0,0,0,0,0
3,82599,2,0,1,0,0,0,0,0,0,0,0,0,0,0,0
6,83561,2,0,1,0,0,0,0,0,0,0,0,0,0,0,0
11,84479,2,0,1,0,0,0,0,0,0,0,0,0,0,0,0
10,84634,2,0,1,0,0,0,0,0,0,0,0,0,0,0,0
6,84739,2,0,1,0,0,0,0,0,0,0,0,0,0,0,0
15,85461,2,0,1,0,0,0,0,0,0,0,0,0,0,0,0
15,86782,2,0,1,0,0,0,0,0,0,0,0,0,0,0,0
2,86839,2,0,1,0,0,0,0,0,0,0,0,0,0,0,0
2,88872,2,0,1,0,0,0,0,0,0,0,0,0,0,0,0
4,90859,2,0,1,0,0,0,0,0,0,0,0,0,0,0,0
2,92059,2,0,1,0,0,0,0,0,0,0,0,0,0,0,0
6,92967,2,0,1,0,0,0,0,0,0,0,0,0,0,0,0
7,93416,2,0,1,0,0,0,0,0,0,0,0,0,0,0,0
8,96827,2,0,1,0,0,0,0,0,0,0,0,0,0,0,0
5,96924,2,0,1,0,0,0,0,0,0,0,0,0,0,0,0
5,97071,2,0,1,0,0,0,0,0,0,0,0,0,0,0,0
4,98910,2,0,1,0,0,0,0,0,0,0,0,0,0,0,0
3,99977,2,0,1,0,0,0,0,0,0,0,0,0,0,0,0
9,100527,2,0,1,0,0,0,0,0,0,0,0,0,0,0,0
15,100962,2,0,1,0,0,0,0,0,0,0,0,0,0,0,0
12,102182,2,0,1,0,0,0,0,0,0,0,0,0,0,0,0
7,102563,2,0,1,0,0,0,0,0,0,0,0,0,0,0,0
13,102935,2,0,1,0,0,0,0,0,0,0,0,0,0,0,0
6,103004,2,0,1,0,0,0,0,0,0,0,0,0,0,0,0
13,103402,2,0,1,0,0,0,0,0,0,0,0,0,0,0,0
6,104964,2,0,1,0,0,0,0,0,0,0,0,0,0,0,0
2,105138,2,0,1,0,0,0,0,0,0,0,0,0,0,0,0
15,105627,2,0,1,0,0,0,0,0,0,0,0,0,0,0,0
15,106624,2,0,1,0,0,0,0,0,0,0,0,0,0,0,0
6,106693,2,0,1,0,0,0,0,0,0,0,0,0,0,0,0
2,106991,2,0,1,0,0,0,0,0,0,0,0,0,0,0,0
10,107231,2,0,1,0,0,0,0,0,0,0,0,0,0,0,0
10,107240,2,0,1,0,0,0,0,0,0,0,0,0,0,0,0
4,107581,2,0,1,0,0,0,0,0,0,0,0,0,0,0,0
13,107960,2,0,1,0,0,0,0,0,0,0,0,0,0,0,0
7,107974,2,0,1,0,0,0,0,0,0,0,0,0,0,0,0
7,108475,2,0,1,0,0,0,0,0,0,0,0,0,0,0,0
5,108840,2,0,1,0,0,0,0,0,0,0,0,0,0,0,0
0,109717,2,0,1,0,0,0,0,0,0,0,0,0,0,0,0
2,109850,2,0,1,0,0,0,0,0,0,0,0,0,0,0,0
1,110254,2,0,1,0,0,0,0,0,0,0,0,0,0,0,0
13,110763,2,0,1,0,0,0,0,0,0,0,0,0,0,0,0
7,110853,2,0,1,0,0,0,0,0,0,0,0,0,0,0,0
8,111432,2,0,1,0,0,0,0,0,0,0,0,0,0,0,0
13,113207,2,0,1,0,0,0,0,0,0,0,0,0,0,0,0
12,113670,2,0,1,0,0,0,0,0,0,0,0,0,0,0,0
4,114090,2,0,1,0,0,0,0,0,0,0,0,0,0,0,0
4,114383,2,0,1,0,0,0,0,0,0,0,0,0,0,0,0
10,114983,2,0,1,0,0,0,0,0,0,0,0,0,0,0,0
6,115508,2,0,1,0,0,0,0,0,0,0,0,0,0,0,0
2,116639,2,0,1,0,0,0,0,0,0,0,0,0,0,0,0
15,116872,2,0,1,0,0,0,0,0,0,0,0,0,0,0,0
9,117154,2,0,1,0,0,0,0,0,0,0,0,0,0,0,0
6,117181,2,0,1,0,0,0,0,0,0,0,0,0,0,0,0
10,117240,2,0,1,0,0,0,0,0,0,0,0,0,0,0,0
7,117970,2,0,1,0,0,0,0,0,0,0,0,0,0,0,0
15,118357,2,0,1,0,0,0,0,0,0,0,0,0,0,0,0
6,118673,2,0,1,0,0,0,0,0,0,0,0,0,0,0,0
11,119626,2,0,1,0,0,0,0,0,0,0,0,0,0,0,0
1,121836,2,0,1,0,0,0,0,0,0,0,0,0,0,0,0
15,122583,2,0,1,0,0,0,0,0,0,0,0,0,0,0,0
8,124772,2,0,1,0,0,0,0,0,0,0,0,0,0,0,0
0,125196,2,0,1,0,0,0,0,0,0,0,0,0,0,0,0
1,125244,2,0,1,0,0,0,0,0,0,0,0,0,0,0,0
2,125307,2,0,1,0,0,0,0,0,0,0,0,0,0,0,0
13,126631,2,0,1,0,0,0,0,0,0,0,0,0,0,0,0
14,126843,2,0,1,0,0,0,0,0,0,0,0,0,0,0,0
4,127521,2,0,1,0,0,0,0,0,0,0,0,0,0,0,0
10,128484,2,0,1,0,0,0,0,0,0,0,0,0,0,0,0
11,130168,2,0,1,0,0,0,0,0,0,0,0,0,0,0,0
6,131194,2,0,1,0,0,0,0,0,0,0,0,0,0,0,0
12,131234,2,0,1,0,0,0,0,0,0,0,0,0,0,0,0
15,132083,2,0,1,0,0,0,0,0,0,0,0,0,0,0,0
13,133552,2,0,1,0,0,0,0,0,0,0,0,0,0,0,0
4,133655,2,0,1,0,0,0,0,0,0,0,0,0,0,0,0
6,135331,2,0,1,0,0,0,0,0,0,0,0,0,0,0,0
11,135559,2,0,1,0,0,0,0,0,0,0,0,0,0,0,0
8,137822,2,0,1,0,0,0,0,0,0,0,0,0,0,0,0
4,137911,2,0,1,0,0,0,0,0,0,0,0,0,0,0,0
3,138456,2,0,1,0,0,0,0,0,0,0,0,0,0,0,0
11,138781,2,0,1,0,0,0,0,0,0,0,0,0,0,0,0
15,138813,2,0,1,0,0,0,0,0,0,0,0,0,0,0,0
7,139373,2,0,1,0,0,0,0,0,0,0,0,0,0,0,0
3,139473,2,0,1,0,0,0,0,0,0,0,0,0,0,0,0
13,140912,2,0,1,0,0,0,0,0,0,0,0,0,0,0,0
7,142175,2,0,1,0,0,0,0,0,0,0,0,0,0,0,0
8,142683,2,0,1,0,0,0,0,0,0,0,0,0,0,0,0
15,143555,2,0,1,0,0,0,0,0,0,0,0,0,0,0,0
14,143968,2,0,1,0,0,0,0,0,0,0,0,0,0,0,0
1,144193,2,0,1,0,0,0,0,0,0,0,0,0,0,0,0
7,144302,2,0,1,0,0,0,0,0,0,0,0,0,0,0,0
12,145658,2,0,1,0,0,0,0,0,0,0,0,0,0,0,0
12,145671,2,0,1,0,0,0,0,0,0,0,0,0,0,0,0
9,145689,2,0,1,0,0,0,0,0,0,0,0,0,0,0,0
12,145867,2,0,1,0,0,0,0,0,0,0,0,0,0,0,0
8,146469,2,0,1,0,0,0,0,0,0,0,0,0,0,0,0
4,148153,2,0,1,0,0,0,0,0,0,0,0,0,0,0,0
15,148874,2,0,1,0,0,0,0,0,0,0,0,0,0,0,0
5,149100,2,0,1,0,0,0,0,0,0,0,0,0,0,0,0
1,149985,2,0,1,0,0,0,0,0,0,0,0,0,0,0,0
13,150223,2,0,1,0,0,0,0,0,0,0,0,0,0,0,0
3,151483,2,0,1,0,0,0,0,0,0,0,0,0,0,0,0
13,153093,2,0,1,0,0,0,0,0,0,0,0,0,0,0,0
4,153396,2,0,1,0,0,0,0,0,0,0,0,0,0,0,0
11,153593,2,0,1,0,0,0,0,0,0,0,0,0,0,0,0
9,153915,2,0,1,0,0,0,0,0,0,0,0,0,0,0,0
13,154462,2,0,1,0,0,0,0,0,0,0,0,0,0,0,0
0,154698,2,0,1,0,0,0,0,0,0,0,0,0,0,0,0
8,156047,2,0,1,0,0,0,0,0,0,0,0,0,0,0,0
13,156800,2,0,1,0,0,0,0,0,0,0,0,0,0,0,0
1,158350,2,0,1,0,0,0,0,0,0,0,0,0,0,0,0
13,158836,2,0,1,0,0,0,0,0,0,0,0,0,0,0,0
12,160358,2,0,1,0,0,0,0,0,0,0,0,0,0,0,0
13,160728,2,0,1,0,0,0,0,0,0,0,0,0,0,0,0
11,160963,2,0,1,0,0,0,0,0,0,0,0,0,0,0,0
0,161067,2,0,1,0,0,0,0,0,0,0,0,0,0,0,0
11,161556,2,0,1,0,0,0,0,0,0,0,0,0,0,0,0
3,161630,2,0,1,0,0,0,0,0,0,0,0,0,0,0,0
14,162099,2,0,1,0,0,0,0,0,0,0,0,0,0,0,0
11,164066,2,0,1,0,0,0,0,0,0,0,0,0,0,0,0
9,165046,2,0,1,0,0,0,0,0,0,0,0,0,0,0,0
13,166231,2,0,1,0,0,0,0,0,0,0,0,0,0,0,0
5,166385,2,0,1,0,0,0,0,0,0,0,0,0,0,0,0
13,166639,2,0,1,0,0,0,0,0,0,0,0,0,0,0,0
15,166837,2,0,1,0,0,0,0,0,0,0,0,0,0,0,0
9,167664,2,0,1,0,0,0,0,0,0,0,0,0,0,0,0
11,169163,2,0,1,0,0,0,0,0,0,0,0,0,0,0,0
2,169391,2,0,1,0,0,0,0,0,0,0,0,0,0,0,0
11,169629,2,0,1,0,0,0,0,0,0,0,0,0,0,0,0
2,171147,2,0,1,0,0,0,0,0,0,0,0,0,0,0,0
4,171286,2,0,1,0,0,0,0,0,0,0,0,0,0,0,0
9,171718,2,0,1,0,0,0,0,0,0,0,0,0,0,0,0
3,171798,2,0,1,0,0,0,0,0,0,0,0,0,0,0,0
12,172635,2,0,1,0,0,0,0,0,0,0,0,0,0,0,0
13,173225,2,0,1,0,0,0,0,0,0,0,0,0,0,0,0
13,173693,2,0,1,0,0,0,0,0,0,0,0,0,0,0,0
13,173905,2,0,1,0,0,0,0,0,0,0,0,0,0,0,0
14,174152,2,0,1,0,0,0,0,0,0,0,0,0,0,0,0
0,174386,2,0,1,0,0,0,0,0,0,0,0,0,0,0,0
7,174740,2,0,1,0,0,0,0,0,0,0,0,0,0,0,0
6,175147,2,0,1,0,0,0,0,0,0,0,0,0,0,0,0
1,176658,2,0,1,0,0,0,0,0,0,0,0,0,0,0,0
15,177131,2,0,1,0,0,0,0,0,0,0,0,0,0,0,0
10,177389,2,0,1,0,0,0,0,0,0,0,0,0,0,0,0
6,177499,2,0,1,0,0,0,0,0,0,0,0,0,0,0,0
8,179540,2,0,1,0,0,0,0,0,0,0,0,0,0,0,0
15,179955,2,0,1,0,0,0,0,0,0,0,0,0,0,0,0
12,180639,2,0,1,0,0,0,0,0,0,0,0,0,0,0,0
6,181391,2,0,1,0,0,0,0,0,0,0,0,0,0,0,0
6,181459,2,0,1,0,0,0,0,0,0,0,0,0,0,0,0
3,181970,2,0,1,0,0,0,0,0,0,0,0,0,0,0,0
0,183554,2,0,1,0,0,0,0,0,0,0,0,0,0,0,0
13,184260,2,0,1,0,0,0,0,0,0,0,0,0,0,0,0
0,185703,2,0,1,0,0,0,0,0,0,0,0,0,0,0,0
6,185826,2,0,1,0,0,0,0,0,0,0,0,0,0,0,0
13,186030,2,0,1,0,0,0,0,0,0,0,0,0,0,0,0
3,187039,2,0,1,0,0,0,0,0,0,0,0,0,0,0,0
14,187308,2,0,1,0,0,0,0,0,0,0,0,0,0,0,0
4,187508,2,0,1,0,0,0,0,0,0,0,0,0,0,0,0
14,187781,2,0,1,0,0,0,0,0,0,0,0,0,0,0,0
12,190713,2,0,1,0,0,0,0,0,0,0,0,0,0,0,0
10,191798,2,0,1,0,0,0,0,0,0,0,0,0,0,0,0
7,191860,2,0,1,0,0,0,0,0,0,0,0,0,0,0,0
9,193061,2,0,1,0,0,0,0,0,0,0,0,0,0,0,0
8,193975,2,0,1,0,0,0,0,0,0,0,0,0,0,0,0
1,194745,2,0,1,0,0,0,0,0,0,0,0,0,0,0,0
0,195371,2,0,1,0,0,0,0,0,0,0,0,0,0,0,0
8,195604,2,0,1,0,0,0,0,0,0,0,0,0,0,0,0
8,195757,2,0,1,0,0,0,0,0,0,0,0,0,0,0,0
13,196943,2,0,1,0,0,0,0,0,0,0,0,0,0,0,0
2,197556,2,0,1,0,0,0,0,0,0,0,0,0,0,0,0
0,200122,2,0,1,0,0,0,0,0,0,0,0,0,0,0,0
10,200184,2,0,1,0,0,0,0,0,0,0,0,0,0,0,0
3,205386,2,0,1,0,0,0,0,0,0,0,0,0,0,0,0
9,205468,2,0,1,0,0,0,0,0,0,0,0,0,0,0,0
11,206376,2,0,1,0,0,0,0,0,0,0,0,0,0,0,0
11,206495,2,0,1,0,0,0,0,0,0,0,0,0,0,0,0
7,206558,2,0,1,0,0,0,0,0,0,0,0,0,0,0,0
2,208209,2,0,1,0,0,0,0,0,0,0,0,0,0,0,0
5,208392,2,0,1,0,0,0,0,0,0,0,0,0,0,0,0
2,208811,2,0,1,0,0,0,0,0,0,0,0,0,0,0,0
6,209029,2,0,1,0,0,0,0,0,0,0,0,0,0,0,0
8,209330,2,0,1,0,0,0,0,0,0,0,0,0,0,0,0
15,209472,2,0,1,0,0,0,0,0,0,0,0,0,0,0,0
8,209985,2,0,1,0,0,0,0,0,0,0,0,0,0,0,0
13,210594,2,0,1,0,0,0,0,0,0,0,0,0,0,0,0
7,210837,2,0,1,0,0,0,0,0,0,0,0,0,0,0,0
0,214164,2,0,1,0,0,0,0,0,0,0,0,0,0,0,0
11,215165,2,0,1,0,0,0,0,0,0,0,0,0,0,0,0
8,216413,2,0,1,0,0,0,0,0,0,0,0,0,0,0,0
4,217046,2,0,1,0,0,0,0,0,0,0,0,0,0,0,0
1,217113,2,0,1,0,0,0,0,0,0,0,0,0,0,0,0
1,217302,2,0,1,0,0,0,0,0,0,0,0,0,0,0,0
10,218567,2,0,1,0,0,0,0,0,0,0,0,0,0,0,0
6,220721,2,0,1,0,0,0,0,0,0,0,0,0,0,0,0
1,220816,2,0,1,0,0,0,0,0,0,0,0,0,0,0,0
10,222092,2,0,1,0,0,0,0,0,0,0,0,0,0,0,0
13,223691,2,0,1,0,0,0,0,0,0,0,0,0,0,0,0
13,223792,2,0,1,0,0,0,0,0,0,0,0,0,0,0,0
9,224306,2,0,1,0,0,0,0,0,0,0,0,0,0,0,0
0,224643,2,0,1,0,0,0,0,0,0,0,0,0,0,0,0
2,225310,2,0,1,0,0,0,0,0,0,0,0,0,0,0,0
14,226343,2,0,1,0,0,0,0,0,0,0,0,0,0,0,0
10,227103,2,0,1,0,0,0,0,0,0,0,0,0,0,0,0
12,227445,2,0,1,0,0,0,0,0,0,0,0,0,0,0,0
13,228299,2,0,1,0,0,0,0,0,0,0,0,0,0,0,0
9,229137,2,0,1,0,0,0,0,0,0,0,0,0,0,0,0
3,229494,2,0,1,0,0,0,0,0,0,0,0,0,0,0,0
2,230655,2,0,1,0,0,0,0,0,0,0,0,0,0,0,0
9,232022,2,0,1,0,0,0,0,0,0,0,0,0,0,0,0
11,232237,2,0,1,0,0,0,0,0,0,0,0,0,0,0,0
12,232401,2,0,1,0,0,0,0,0,0,0,0,0,0,0,0
8,232695,2,0,1,0,0,0,0,0,0,0,0,0,0,0,0
13,233001,2,0,1,0,0,0,0,0,0,0,0,0,0,0,0
0,233220,2,0,1,0,0,0,0,0,0,0,0,0,0,0,0
4,233821,2,0,1,0,0,0,0,0,0,0,0,0,0,0,0
7,234180,2,0,1,0,0,0,0,0,0,0,0,0,0,0,0
6,236357,2,0,1,0,0,0,0,0,0,0,0,0,0,0,0
9,236692,2,0,1,0,0,0,0,0,0,0,0,0,0,0,0
6,239512,2,0,1,0,0,0,0,0,0,0,0,0,0,0,0
10,242678,2,0,1,0,0,0,0,0,0,0,0,0,0,0,0
15,243676,2,0,1,0,0,0,0,0,0,0,0,0,0,0,0
5,245157,2,0,1,0,0,0,0,0,0,0,0,0,0,0,0
0,245290,2,0,1,0,0,0,0,0,0,0,0,0,0,0,0
6,245347,2,0,1,0,0,0,0,0,0,0,0,0,0,0,0
13,245348,2,0,1,0,0,0,0,0,0,0,0,0,0,0,0
7,245614,2,0,1,0,0,0,0,0,0,0,0,0,0,0,0
10,246040,2,0,1,0,0,0,0,0,0,0,0,0,0,0,0
3,247024,2,0,1,0,0,0,0,0,0,0,0,0,0,0,0
15,247118,2,0,1,0,0,0,0,0,0,0,0,0,0,0,0
13,247410,2,0,1,0,0,0,0,0,0,0,0,0,0,0,0
5,248231,2,0,1,0,0,0,0,0,0,0,0,0,0,0,0
1,249688,2,0,1,0,0,0,0,0,0,0,0,0,0,0,0
8,250116,2,0,1,0,0,0,0,0,0,0,0,0,0,0,0
15,250936,2,0,1,0,0,0,0,0,0,0,0,0,0,0,0
4,252614,2,0,1,0,0,0,0,0,0,0,0,0,0,0,0
4,252648,2,0,1,0,0,0,0,0,0,0,0,0,0,0,0
7,253576,2,0,1,0,0,0,0,0,0,0,0,0,0,0,0
4,253928,2,0,1,0,0,0,0,0,0,0,0,0,0,0,0
6,253954,2,0,1,0,0,0,0,0,0,0,0,0,0,0,0
8,254150,2,0,1,0,0,0,0,0,0,0,0,0,0,0,0
4,254999,2,0,1,0,0,0,0,0,0,0,0,0,0,0,0
12,255624,2,0,1,0,0,0,0,0,0,0,0,0,0,0,0
10,256087,2,0,1,0,0,0,0,0,0,0,0,0,0,0,0
15,256589,2,0,1,0,0,0,0,0,0,0,0,0,0,0,0
10,256660,2,0,1,0,0,0,0,0,0,0,0,0,0,0,0
10,259912,2,0,1,0,0,0,0,0,0,0,0,0,0,0,0
13,261349,2,0,1,0,0,0,0,0,0,0,0,0,0,0,0
5,261514,2,0,1,0,0,0,0,0,0,0,0,0,0,0,0
5,262090,2,0,1,0,0,0,0,0,0,0,0,0,0,0,0
10,262376,2,0,1,0,0,0,0,0,0,0,0,0,0,0,0
6,262848,2,0,1,0,0,0,0,0,0,0,0,0,0,0,0
4,263017,2,0,1,0,0,0,0,0,0,0,0,0,0,0,0
3,264969,2,0,1,0,0,0,0,0,0,0,0,0,0,0,0
2,265067,2,0,1,0,0,0,0,0,0,0,0,0,0,0,0
4,265626,2,0,1,0,0,0,0,0,0,0,0,0,0,0,0
2,267047,2,0,1,0,0,0,0,0,0,0,0,0,0,0,0
2,269098,2,0,1,0,0,0,0,0,0,0,0,0,0,0,0
5,269445,2,0,1,0,0,0,0,0,0,0,0,0,0,0,0
11,269697,2,0,1,0,0,0,0,0,0,0,0,0,0,0,0
10,272462,2,0,1,0,0,0,0,0,0,0,0,0,0,0,0
4,273642,2,0,1,0,0,0,0,0,0,0,0,0,0,0,0
5,274268,2,0,1,0,0,0,0,0,0,0,0,0,0,0,0
3,275295,2,0,1,0,0,0,0,0,0,0,0,0,0,0,0
14,277317,2,0,1,0,0,0,0,0,0,0,0,0,0,0,0
1,277343,2,0,1,0,0,0,0,0,0,0,0,0,0,0,0
9,277908,2,0,1,0,0,0,0,0,0,0,0,0,0,0,0
2,278925,2,0,1,0,0,0,0,0,0,0,0,0,0,0,0
5,279703,2,0,1,0,0,0,0,0,0,0,0,0,0,0,0
10,279853,2,0,1,0,0,0,0,0,0,0,0,0,0,0,0
7,280637,2,0,1,0,0,0,0,0,0,0,0,0,0,0,0
9,280659,2,0,1,0,0,0,0,0,0,0,0,0,0,0,0
2,280842,2,0,1,0,0,0,0,0,0,0,0,0,0,0,0
3,282068,2,0,1,0,0,0,0,0,0,0,0,0,0,0,0
15,282079,2,0,1,0,0,0,0,0,0,0,0,0,0,0,0
6,282483,2,0,1,0,0,0,0,0,0,0,0,0,0,0,0
0,283061,2,0,1,0,0,0,0,0,0,0,0,0,0,0,0
7,285619,2,0,1,0,0,0,0,0,0,0,0,0,0,0,0
6,286493,2,0,1,0,0,0,0,0,0,0,0,0,0,0,0
11,286604,2,0,1,0,0,0,0,0,0,0,0,0,0,0,0
14,287034,2,0,1,0,0,0,0,0,0,0,0,0,0,0,0
13,288399,2,0,1,0,0,0,0,0,0,0,0,0,0,0,0
7,289379,2,0,1,0,0,0,0,0,0,0,0,0,0,0,0
5,290509,2,0,1,0,0,0,0,0,0,0,0,0,0,0,0
11,291181,2,0,1,0,0,0,0,0,0,0,0,0,0,0,0
2,292706,2,0,1,0,0,0,0,0,0,0,0,0,0,0,0
0,293707,2,0,1,0,0,0,0,0,0,0,0,0,0,0,0
0,293831,2,0,1,0,0,0,0,0,0,0,0,0,0,0,0
3,293888,2,0,1,0,0,0,0,0,0,0,0,0,0,0,0
8,294400,2,0,1,0,0,0,0,0,0,0,0,0,0,0,0
4,294682,2,0,1,0,0,0,0,0,0,0,0,0,0,0,0
5,294861,2,0,1,0,0,0,0,0,0,0,0,0,0,0,0
1,296468,2,0,1,0,0,0,0,0,0,0,0,0,0,0,0
7,299614,2,0,1,0,0,0,0,0,0,0,0,0,0,0,0
7,299995,2,0,1,0,0,0,0,0,0,0,0,0,0,0,0
9,300038,2,0,1,0,0,0,0,0,0,0,0,0,0,0,0
9,300077,2,0,1,0,0,0,0,0,0,0,0,0,0,0,0
12,300338,2,0,1,0,0,0,0,0,0,0,0,0,0,0,0
6,300892,2,0,1,0,0,0,0,0,0,0,0,0,0,0,0
13,301541,2,0,1,0,0,0,0,0,0,0,0,0,0,0,0
12,303064,2,0,1,0,0,0,0,0,0,0,0,0,0,0,0
4,303086,2,0,1,0,0,0,0,0,0,0,0,0,0,0,0
6,303128,2,0,1,0,0,0,0,0,0,0,0,0,0,0,0
9,303153,2,0,1,0,0,0,0,0,0,0,0,0,0,0,0
2,303471,2,0,1,0,0,0,0,0,0,0,0,0,0,0,0
5,303753,2,0,1,0,0,0,0,0,0,0,0,0,0,0,0
13,304010,2,0,1,0,0,0,0,0,0,0,0,0,0,0,0
4,305743,2,0,1,0,0,0,0,0,0,0,0,0,0,0,0
8,306822,2,0,1,0,0,0,0,0,0,0,0,0,0,0,0
14,306832,2,0,1,0,0,0,0,0,0,0,0,0,0,0,0
15,307647,2,0,1,0,0,0,0,0,0,0,0,0,0,0,0
0,307665,2,0,1,0,0,0,0,0,0,0,0,0,0,0,0
15,307938,2,0,1,0,0,0,0,0,0,0,0,0,0,0,0
4,308266,2,0,1,0,0,0,0,0,0,0,0,0,0,0,0
8,308339,2,0,1,0,0,0,0,0,0,0,0,0,0,0,0
11,308954,2,0,1,0,0,0,0,0,0,0,0,0,0,0,0
15,309200,2,0,1,0,0,0,0,0,0,0,0,0,0,0,0
1,309431,2,0,1,0,0,0,0,0,0,0,0,0,0,0,0
2,309438,2,0,1,0,0,0,0,0,0,0,0,0,0,0,0
2,309439,2,0,1,0,0,0,0,0,0,0,0,0,0,0,0
9,309475,2,0,1,0,0,0,0,0,0,0,0,0,0,0,0
6,309651,2,0,1,0,0,0,0,0,0,0,0,0,0,0,0
4,310911,2,0,1,0,0,0,0,0,0,0,0,0,0,0,0
12,311516,2,0,1,0,0,0,0,0,0,0,0,0,0,0,0
4,311878,2,0,1,0,0,0,0,0,0,0,0,0,0,0,0
12,311978,2,0,1,0,0,0,0,0,0,0,0,0,0,0,0
4,312363,2,0,1,0,0,0,0,0,0,0,0,0,0,0,0
3,313161,2,0,1,0,0,0,0,0,0,0,0,0,0,0,0
3,313300,2,0,1,0,0,0,0,0,0,0,0,0,0,0,0
7,313333,2,0,1,0,0,0,0,0,0,0,0,0,0,0,0
9,313384,2,0,1,0,0,0,0,0,0,0,0,0,0,0,0
5,313744,2,0,1,0,0,0,0,0,0,0,0,0,0,0,0
10,314645,2,0,1,0,0,0,0,0,0,0,0,0,0,0,0
15,317330,2,0,1,0,0,0,0,0,0,0,0,0,0,0,0
6,317624,2,0,1,0,0,0,0,0,0,0,0,0,0,0,0
0,318060,2,0,1,0,0,0,0,0,0,0,0,0,0,0,0
7,318689,2,0,1,0,0,0,0,0,0,0,0,0,0,0,0
8,318737,2,0,1,0,0,0,0,0,0,0,0,0,0,0,0
11,319090,2,0,1,0,0,0,0,0,0,0,0,0,0,0,0
12,320195,2,0,1,0,0,0,0,0,0,0,0,0,0,0,0
2,320907,2,0,1,0,0,0,0,0,0,0,0,0,0,0,0
6,322363,2,0,1,0,0,0,0,0,0,0,0,0,0,0,0
4,323211,2,0,1,0,0,0,0,0,0,0,0,0,0,0,0
14,323229,2,0,1,0,0,0,0,0,0,0,0,0,0,0,0
0,324063,2,0,1,0,0,0,0,0,0,0,0,0,0,0,0
0,325659,2,0,1,0,0,0,0,0,0,0,0,0,0,0,0
10,326974,2,0,1,0,0,0,0,0,0,0,0,0,0,0,0
8,327501,2,0,1,0,0,0,0,0,0,0,0,0,0,0,0
1,327517,2,0,1,0,0,0,0,0,0,0,0,0,0,0,0
12,328470,2,0,1,0,0,0,0,0,0,0,0,0,0,0,0
10,329992,2,0,1,0,0,0,0,0,0,0,0,0,0,0,0
14,330981,2,0,1,0,0,0,0,0,0,0,0,0,0,0,0
10,332428,2,0,1,0,0,0,0,0,0,0,0,0,0,0,0
10,332446,2,0,1,0,0,0,0,0,0,0,0,0,0,0,0
4,332478,2,0,1,0,0,0,0,0,0,0,0,0,0,0,0
7,332598,2,0,1,0,0,0,0,0,0,0,0,0,0,0,0
11,333309,2,0,1,0,0,0,0,0,0,0,0,0,0,0,0
10,333743,2,0,1,0,0,0,0,0,0,0,0,0,0,0,0
11,333958,2,0,1,0,0,0,0,0,0,0,0,0,0,0,0
12,335774,2,0,1,0,0,0,0,0,0,0,0,0,0,0,0
3,336321,2,0,1,0,0,0,0,0,0,0,0,0,0,0,0
1,336413,2,0,1,0,0,0,0,0,0,0,0,0,0,0,0
15,337703,2,0,1,0,0,0,0,0,0,0,0,0,0,0,0
4,337876,2,0,1,0,0,0,0,0,0,0,0,0,0,0,0
7,339503,2,0,1,0,0,0,0,0,0,0,0,0,0,0,0
2,340017,2,0,1,0,0,0,0,0,0,0,0,0,0,0,0
8,340026,2,0,1,0,0,0,0,0,0,0,0,0,0,0,0
2,340148,2,0,1,0,0,0,0,0,0,0,0,0,0,0,0
12,341814,2,0,1,0,0,0,0,0,0,0,0,0,0,0,0
8,344046,2,0,1,0,0,0,0,0,0,0,0,0,0,0,0
12,346035,2,0,1,0,0,0,0,0,0,0,0,0,0,0,0
5,346648,2,0,1,0,0,0,0,0,0,0,0,0,0,0,0
9,346888,2,0,1,0,0,0,0,0,0,0,0,0,0,0,0
5,346972,2,0,1,0,0,0,0,0,0,0,0,0,0,0,0
5,348146,2,0,1,0,0,0,0,0,0,0,0,0,0,0,0
3,348513,2,0,1,0,0,0,0,0,0,0,0,0,0,0,0
1,349873,2,0,1,0,0,0,0,0,0,0,0,0,0,0,0
11,350784,2,0,1,0,0,0,0,0,0,0,0,0,0,0,0
14,351752,2,0,1,0,0,0,0,0,0,0,0,0,0,0,0
11,351758,2,0,1,0,0,0,0,0,0,0,0,0,0,0,0
3,352276,2,0,1,0,0,0,0,0,0,0,0,0,0,0,0
2,352611,2,0,1,0,0,0,0,0,0,0,0,0,0,0,0
12,352789,2,0,1,0,0,0,0,0,0,0,0,0,0,0,0
14,353601,2,0,1,0,0,0,0,0,0,0,0,0,0,0,0
14,354887,2,0,1,0,0,0,0,0,0,0,0,0,0,0,0
9,355181,2,0,1,0,0,0,0,0,0,0,0,0,0,0,0
3,355546,2,0,1,0,0,0,0,0,0,0,0,0,0,0,0
10,358205,2,0,1,0,0,0,0,0,0,0,0,0,0,0,0
15,359097,2,0,1,0,0,0,0,0,0,0,0,0,0,0,0
1,359780,2,0,1,0,0,0,0,0,0,0,0,0,0,0,0
2,360029,2,0,1,0,0,0,0,0,0,0,0,0,0,0,0
6,360731,2,0,1,0,0,0,0,0,0,0,0,0,0,0,0
14,360798,2,0,1,0,0,0,0,0,0,0,0,0,0,0,0
12,361261,2,0,1,0,0,0,0,0,0,0,0,0,0,0,0
3,362280,2,0,1,0,0,0,0,0,0,0,0,0,0,0,0
12,362368,2,0,1,0,0,0,0,0,0,0,0,0,0,0,0
14,365864,2,0,1,0,0,0,0,0,0,0,0,0,0,0,0
0,365872,2,0,1,0,0,0,0,0,0,0,0,0,0,0,0
1,367465,2,0,1,0,0,0,0,0,0,0,0,0,0,0,0
15,367514,2,0,1,0,0,0,0,0,0,0,0,0,0,0,0
9,368200,2,0,1,0,0,0,0,0,0,0,0,0,0,0,0
0,368469,2,0,1,0,0,0,0,0,0,0,0,0,0,0,0
8,369421,2,0,1,0,0,0,0,0,0,0,0,0,0,0,0
9,369868,2,0,1,0,0,0,0,0,0,0,0,0,0,0,0
5,371289,2,0,1,0,0,0,0,0,0,0,0,0,0,0,0
0,372439,2,0,1,0,0,0,0,0,0,0,0,0,0,0,0
13,373022,2,0,1,0,0,0,0,0,0,0,0,0,0,0,0
7,373073,2,0,1,0,0,0,0,0,0,0,0,0,0,0,0
8,375313,2,0,1,0,0,0,0,0,0,0,0,0,0,0,0
2,375584,2,0,1,0,0,0,0,0,0,0,0,0,0,0,0
1,375720,2,0,1,0,0,0,0,0,0,0,0,0,0,0,0
14,376802,2,0,1,0,0,0,0,0,0,0,0,0,0,0,0
15,377010,2,0,1,0,0,0,0,0,0,0,0,0,0,0,0
3,378185,2,0,1,0,0,0,0,0,0,0,0,0,0,0,0
6,378929,2,0,1,0,0,0,0,0,0,0,0,0,0,0,0
9,379173,2,0,1,0,0,0,0,0,0,0,0,0,0,0,0
12,379177,2,0,1,0,0,0,0,0,0,0,0,0,0,0,0
14,379236,2,0,1,0,0,0,0,0,0,0,0,0,0,0,0
8,380225,2,0,1,0,0,0,0,0,0,0,0,0,0,0,0
0,380401,2,0,1,0,0,0,0,0,0,0,0,0,0,0,0
14,383176,2,0,1,0,0,0,0,0,0,0,0,0,0,0,0
0,383537,2,0,1,0,0,0,0,0,0,0,0,0,0,0,0
3,384578,2,0,1,0,0,0,0,0,0,0,0,0,0,0,0
6,386047,2,0,1,0,0,0,0,0,0,0,0,0,0,0,0
1,387077,2,0,1,0,0,0,0,0,0,0,0,0,0,0,0
0,387186,2,0,1,0,0,0,0,0,0,0,0,0,0,0,0
0,388233,2,0,1,0,0,0,0,0,0,0,0,0,0,0,0
15,388337,2,0,1,0,0,0,0,0,0,0,0,0,0,0,0
10,388790,2,0,1,0,0,0,0,0,0,0,0,0,0,0,0
9,390526,2,0,1,0,0,0,0,0,0,0,0,0,0,0,0
7,390888,2,0,1,0,0,0,0,0,0,0,0,0,0,0,0
0,391084,2,0,1,0,0,0,0,0,0,0,0,0,0,0,0
10,393192,2,0,1,0,0,0,0,0,0,0,0,0,0,0,0
3,394014,2,0,1,0,0,0,0,0,0,0,0,0,0,0,0
7,397924,2,0,1,0,0,0,0,0,0,0,0,0,0,0,0
14,398304,2,0,1,0,0,0,0,0,0,0,0,0,0,0,0
1,400141,2,0,1,0,0,0,0,0,0,0,0,0,0,0,0
12,402867,2,0,1,0,0,0,0,0,0,0,0,0,0,0,0
15,403365,2,0,1,0,0,0,0,0,0,0,0,0,0,0,0
3,403632,2,0,1,0,0,0,0,0,0,0,0,0,0,0,0
10,403742,2,0,1,0,0,0,0,0,0,0,0,0,0,0,0
13,404194,2,0,1,0,0,0,0,0,0,0,0,0,0,0,0
6,405270,2,0,1,0,0,0,0,0,0,0,0,0,0,0,0
4,407611,2,0,1,0,0,0,0,0,0,0,0,0,0,0,0
10,408639,2,0,1,0,0,0,0,0,0,0,0,0,0,0,0
7,408695,2,0,1,0,0,0,0,0,0,0,0,0,0,0,0
13,408959,2,0,1,0,0,0,0,0,0,0,0,0,0,0,0
8,409473,2,0,1,0,0,0,0,0,0,0,0,0,0,0,0
2,410271,2,0,1,0,0,0,0,0,0,0,0,0,0,0,0
13,410762,2,0,1,0,0,0,0,0,0,0,0,0,0,0,0
10,411280,2,0,1,0,0,0,0,0,0,0,0,0,0,0,0
5,411458,2,0,1,0,0,0,0,0,0,0,0,0,0,0,0
13,412322,2,0,1,0,0,0,0,0,0,0,0,0,0,0,0
7,412577,2,0,1,0,0,0,0,0,0,0,0,0,0,0,0
13,413304,2,0,1,0,0,0,0,0,0,0,0,0,0,0,0
2,413515,2,0,1,0,0,0,0,0,0,0,0,0,0,0,0
11,414475,2,0,1,0,0,0,0,0,0,0,0,0,0,0,0
13,414813,2,0,1,0,0,0,0,0,0,0,0,0,0,0,0
1,414993,2,0,1,0,0,0,0,0,0,0,0,0,0,0,0
3,415725,2,0,1,0,0,0,0,0,0,0,0,0,0,0,0
4,416407,2,0,1,0,0,0,0,0,0,0,0,0,0,0,0
4,417098,2,0,1,0,0,0,0,0,0,0,0,0,0,0,0
1,417198,2,0,1,0,0,0,0,0,0,0,0,0,0,0,0
6,418862,2,0,1,0,0,0,0,0,0,0,0,0,0,0,0
10,419027,2,0,1,0,0,0,0,0,0,0,0,0,0,0,0
15,420249,2,0,1,0,0,0,0,0,0,0,0,0,0,0,0
13,420730,2,0,1,0,0,0,0,0,0,0,0,0,0,0,0
4,421325,2,0,1,0,0,0,0,0,0,0,0,0,0,0,0
14,421937,2,0,1,0,0,0,0,0,0,0,0,0,0,0,0
9,421964,2,0,1,0,0,0,0,0,0,0,0,0,0,0,0
3,421995,2,0,1,0,0,0,0,0,0,0,0,0,0,0,0
0,422008,2,0,1,0,0,0,0,0,0,0,0,0,0,0,0
4,423726,2,0,1,0,0,0,0,0,0,0,0,0,0,0,0
0,425257,2,0,1,0,0,0,0,0,0,0,0,0,0,0,0
2,425915,2,0,1,0,0,0,0,0,0,0,0,0,0,0,0
14,426110,2,0,1,0,0,0,0,0,0,0,0,0,0,0,0
7,426168,2,0,1,0,0,0,0,0,0,0,0,0,0,0,0
8,427517,2,0,1,0,0,0,0,0,0,0,0,0,0,0,0
8,428200,2,0,1,0,0,0,0,0,0,0,0,0,0,0,0
10,428912,2,0,1,0,0,0,0,0,0,0,0,0,0,0,0
0,428933,2,0,1,0,0,0,0,0,0,0,0,0,0,0,0
13,428974,2,0,1,0,0,0,0,0,0,0,0,0,0,0,0
12,429056,2,0,1,0,0,0,0,0,0,0,0,0,0,0,0
6,429254,2,0,1,0,0,0,0,0,0,0,0,0,0,0,0
9,429568,2,0,1,0,0,0,0,0,0,0,0,0,0,0,0
8,430572,2,0,1,0,0,0,0,0,0,0,0,0,0,0,0
3,430624,2,0,1,0,0,0,0,0,0,0,0,0,0,0,0
12,432665,2,0,1,0,0,0,0,0,0,0,0,0,0,0,0
15,433234,2,0,1,0,0,0,0,0,0,0,0,0,0,0,0
12,434464,2,0,1,0,0,0,0,0,0,0,0,0,0,0,0
13,435095,2,0,1,0,0,0,0,0,0,0,0,0,0,0,0
13,435846,2,0,1,0,0,0,0,0,0,0,0,0,0,0,0
3,436788,2,0,1,0,0,0,0,0,0,0,0,0,0,0,0
11,437083,2,0,1,0,0,0,0,0,0,0,0,0,0,0,0
12,437559,2,0,1,0,0,0,0,0,0,0,0,0,0,0,0
2,437633,2,0,1,0,0,0,0,0,0,0,0,0,0,0,0
1,437935,2,0,1,0,0,0,0,0,0,0,0,0,0,0,0
9,439456,2,0,1,0,0,0,0,0,0,0,0,0,0,0,0
4,439756,2,0,1,0,0,0,0,0,0,0,0,0,0,0,0
3,440335,2,0,1,0,0,0,0,0,0,0,0,0,0,0,0
9,442054,2,0,1,0,0,0,0,0,0,0,0,0,0,0,0
9,444389,2,0,1,0,0,0,0,0,0,0,0,0,0,0,0
5,444635,2,0,1,0,0,0,0,0,0,0,0,0,0,0,0
5,445359,2,0,1,0,0,0,0,0,0,0,0,0,0,0,0
0,445818,2,0,1,0,0,0,0,0,0,0,0,0,0,0,0
13,445831,2,0,1,0,0,0,0,0,0,0,0,0,0,0,0
4,446514,2,0,1,0,0,0,0,0,0,0,0,0,0,0,0
0,447697,2,0,1,0,0,0,0,0,0,0,0,0,0,0,0
2,447985,2,0,1,0,0,0,0,0,0,0,0,0,0,0,0
12,448540,2,0,1,0,0,0,0,0,0,0,0,0,0,0,0
15,448778,2,0,1,0,0,0,0,0,0,0,0,0,0,0,0
15,449876,2,0,1,0,0,0,0,0,0,0,0,0,0,0,0
8,449943,2,0,1,0,0,0,0,0,0,0,0,0,0,0,0
2,450075,2,0,1,0,0,0,0,0,0,0,0,0,0,0,0
3,450442,2,0,1,0,0,0,0,0,0,0,0,0,0,0,0
3,451050,2,0,1,0,0,0,0,0,0,0,0,0,0,0,0
7,451136,2,0,1,0,0,0,0,0,0,0,0,0,0,0,0
7,452097,2,0,1,0,0,0,0,0,0,0,0,0,0,0,0
5,452859,2,0,1,0,0,0,0,0,0,0,0,0,0,0,0
12,453985,2,0,1,0,0,0,0,0,0,0,0,0,0,0,0
8,454122,2,0,1,0,0,0,0,0,0,0,0,0,0,0,0
8,455166,2,0,1,0,0,0,0,0,0,0,0,0,0,0,0
14,455720,2,0,1,0,0,0,0,0,0,0,0,0,0,0,0
11,455764,2,0,1,0,0,0,0,0,0,0,0,0,0,0,0
12,456654,2,0,1,0,0,0,0,0,0,0,0,0,0,0,0
0,457329,2,0,1,0,0,0,0,0,0,0,0,0,0,0,0
13,457753,2,0,1,0,0,0,0,0,0,0,0,0,0,0,0
12,459054,2,0,1,0,0,0,0,0,0,0,0,0,0,0,0
9,459675,2,0,1,0,0,0,0,0,0,0,0,0,0,0,0
3,461046,2,0,1,0,0,0,0,0,0,0,0,0,0,0,0
4,461051,2,0,1,0,0,0,0,0,0,0,0,0,0,0,0
6,461480,2,0,1,0,0,0,0,0,0,0,0,0,0,0,0
11,461744,2,0,1,0,0,0,0,0,0,0,0,0,0,0,0
13,462972,2,0,1,0,0,0,0,0,0,0,0,0,0,0,0
11,463520,2,0,1,0,0,0,0,0,0,0,0,0,0,0,0
7,463635,2,0,1,0,0,0,0,0,0,0,0,0,0,0,0
12,463887,2,0,1,0,0,0,0,0,0,0,0,0,0,0,0
6,463954,2,0,1,0,0,0,0,0,0,0,0,0,0,0,0
0,463962,2,0,1,0,0,0,0,0,0,0,0,0,0,0,0
1,464256,2,0,1,0,0,0,0,0,0,0,0,0,0,0,0
4,465013,2,0,1,0,0,0,0,0,0,0,0,0,0,0,0
8,465358,2,0,1,0,0,0,0,0,0,0,0,0,0,0,0
10,465986,2,0,1,0,0,0,0,0,0,0,0,0,0,0,0
12,466473,2,0,1,0,0,0,0,0,0,0,0,0,0,0,0
12,466848,2,0,1,0,0,0,0,0,0,0,0,0,0,0,0
8,468631,2,0,1,0,0,0,0,0,0,0,0,0,0,0,0
10,468707,2,0,1,0,0,0,0,0,0,0,0,0,0,0,0
1,469492,2,0,1,0,0,0,0,0,0,0,0,0,0,0,0
13,470256,2,0,1,0,0,0,0,0,0,0,0,0,0,0,0
4,471031,2,0,1,0,0,0,0,0,0,0,0,0,0,0,0
4,474779,2,0,1,0,0,0,0,0,0,0,0,0,0,0,0
3,477126,2,0,1,0,0,0,0,0,0,0,0,0,0,0,0
11,478020,2,0,1,0,0,0,0,0,0,0,0,0,0,0,0
13,480985,2,0,1,0,0,0,0,0,0,0,0,0,0,0,0
9,481701,2,0,1,0,0,0,0,0,0,0,0,0,0,0,0
12,483726,2,0,1,0,0,0,0,0,0,0,0,0,0,0,0
0,484045,2,0,1,0,0,0,0,0,0,0,0,0,0,0,0
13,484121,2,0,1,0,0,0,0,0,0,0,0,0,0,0,0
15,484911,2,0,1,0,0,0,0,0,0,0,0,0,0,0,0
2,485417,2,0,1,0,0,0,0,0,0,0,0,0,0,0,0
11,485470,2,0,1,0,0,0,0,0,0,0,0,0,0,0,0
6,485906,2,0,1,0,0,0,0,0,0,0,0,0,0,0,0
15,486819,2,0,1,0,0,0,0,0,0,0,0,0,0,0,0
7,487190,2,0,1,0,0,0,0,0,0,0,0,0,0,0,0
3,487762,2,0,1,0,0,0,0,0,0,0,0,0,0,0,0
12,488034,2,0,1,0,0,0,0,0,0,0,0,0,0,0,0
10,489102,2,0,1,0,0,0,0,0,0,0,0,0,0,0,0
15,489156,2,0,1,0,0,0,0,0,0,0,0,0,0,0,0
2,490822,2,0,1,0,0,0,0,0,0,0,0,0,0,0,0
1,491688,2,0,1,0,0,0,0,0,0,0,0,0,0,0,0
2,492001,2,0,1,0,0,0,0,0,0,0,0,0,0,0,0
4,493095,2,0,1,0,0,0,0,0,0,0,0,0,0,0,0
0,495493,2,0,1,0,0,0,0,0,0,0,0,0,0,0,0
8,495505,2,0,1,0,0,0,0,0,0,0,0,0,0,0,0
2,495518,2,0,1,0,0,0,0,0,0,0,0,0,0,0,0
15,495923,2,0,1,0,0,0,0,0,0,0,0,0,0,0,0
2,496073,2,0,1,0,0,0,0,0,0,0,0,0,0,0,0
13,498115,2,0,1,0,0,0,0,0,0,0,0,0,0,0,0
6,498699,2,0,1,0,0,0,0,0,0,0,0,0,0,0,0
9,499689,2,0,1,0,0,0,0,0,0,0,0,0,0,0,0
11,500950,2,0,1,0,0,0,0,0,0,0,0,0,0,0,0
10,501556,2,0,1,0,0,0,0,0,0,0,0,0,0,0,0
0,502559,2,0,1,0,0,0,0,0,0,0,0,0,0,0,0
12,503727,2,0,1,0,0,0,0,0,0,0,0,0,0,0,0
6,505674,2,0,1,0,0,0,0,0,0,0,0,0,0,0,0
13,506787,2,0,1,0,0,0,0,0,0,0,0,0,0,0,0
0,506852,2,0,1,0,0,0,0,0,0,0,0,0,0,0,0
10,507887,2,0,1,0,0,0,0,0,0,0,0,0,0,0,0
3,509990,2,0,1,0,0,0,0,0,0,0,0,0,0,0,0
5,510129,2,0,1,0,0,0,0,0,0,0,0,0,0,0,0
2,510774,2,0,1,0,0,0,0,0,0,0,0,0,0,0,0
2,510804,2,0,1,0,0,0,0,0,0,0,0,0,0,0,0
14,511142,2,0,1,0,0,0,0,0,0,0,0,0,0,0,0
4,513224,2,0,1,0,0,0,0,0,0,0,0,0,0,0,0
8,513616,2,0,1,0,0,0,0,0,0,0,0,0,0,0,0
13,514384,2,0,1,0,0,0,0,0,0,0,0,0,0,0,0
4,514548,2,0,1,0,0,0,0,0,0,0,0,0,0,0,0
3,516251,2,0,1,0,0,0,0,0,0,0,0,0,0,0,0
14,518388,2,0,1,0,0,0,0,0,0,0,0,0,0,0,0
7,518669,2,0,1,0,0,0,0,0,0,0,0,0,0,0,0
8,519512,2,0,1,0,0,0,0,0,0,0,0,0,0,0,0
7,519520,2,0,1,0,0,0,0,0,0,0,0,0,0,0,0
1,521755,2,0,1,0,0,0,0,0,0,0,0,0,0,0,0
6,522021,2,0,1,0,0,0,0,0,0,0,0,0,0,0,0
0,522200,2,0,1,0,0,0,0,0,0,0,0,0,0,0,0
6,523928,2,0,1,0,0,0,0,0,0,0,0,0,0,0,0
13,524123,2,0,1,0,0,0,0,0,0,0,0,0,0,0,0
8,525291,2,0,1,0,0,0,0,0,0,0,0,0,0,0,0
14,525362,2,0,1,0,0,0,0,0,0,0,0,0,0,0,0
6,525809,2,0,1,0,0,0,0,0,0,0,0,0,0,0,0
12,526029,2,0,1,0,0,0,0,0,0,0,0,0,0,0,0
1,526561,2,0,1,0,0,0,0,0,0,0,0,0,0,0,0
0,527638,2,0,1,0,0,0,0,0,0,0,0,0,0,0,0
4,529237,2,0,1,0,0,0,0,0,0,0,0,0,0,0,0
8,530179,2,0,1,0,0,0,0,0,0,0,0,0,0,0,0
12,530461,2,0,1,0,0,0,0,0,0,0,0,0,0,0,0
12,531375,2,0,1,0,0,0,0,0,0,0,0,0,0,0,0
7,531694,2,0,1,0,0,0,0,0,0,0,0,0,0,0,0
7,532554,2,0,1,0,0,0,0,0,0,0,0,0,0,0,0
2,532958,2,0,1,0,0,0,0,0,0,0,0,0,0,0,0
10,533194,2,0,1,0,0,0,0,0,0,0,0,0,0,0,0
2,533416,2,0,1,0,0,0,0,0,0,0,0,0,0,0,0
10,534302,2,0,1,0,0,0,0,0,0,0,0,0,0,0,0
14,535058,2,0,1,0,0,0,0,0,0,0,0,0,0,0,0
1,535775,2,0,1,0,0,0,0,0,0,0,0,0,0,0,0
14,536625,2,0,1,0,0,0,0,0,0,0,0,0,0,0,0
1,538799,2,0,1,0,0,0,0,0,0,0,0,0,0,0,0
7,539108,2,0,1,0,0,0,0,0,0,0,0,0,0,0,0
15,539709,2,0,1,0,0,0,0,0,0,0,0,0,0,0,0
7,540973,2,0,1,0,0,0,0,0,0,0,0,0,0,0,0
6,541763,2,0,1,0,0,0,0,0,0,0,0,0,0,0,0
14,542188,2,0,1,0,0,0,0,0,0,0,0,0,0,0,0
5,542420,2,0,1,0,0,0,0,0,0,0,0,0,0,0,0
4,542856,2,0,1,0,0,0,0,0,0,0,0,0,0,0,0
8,543705,2,0,1,0,0,0,0,0,0,0,0,0,0,0,0
9,543795,2,0,1,0,0,0,0,0,0,0,0,0,0,0,0
0,544030,2,0,1,0,0,0,0,0,0,0,0,0,0,0,0
6,544323,2,0,1,0,0,0,0,0,0,0,0,0,0,0,0
3,544580,2,0,1,0,0,0,0,0,0,0,0,0,0,0,0
14,544639,2,0,1,0,0,0,0,0,0,0,0,0,0,0,0
0,546877,2,0,1,0,0,0,0,0,0,0,0,0,0,0,0
11,547834,2,0,1,0,0,0,0,0,0,0,0,0,0,0,0
3,549524,2,0,1,0,0,0,0,0,0,0,0,0,0,0,0
11,549827,2,0,1,0,0,0,0,0,0,0,0,0,0,0,0
3,549864,2,0,1,0,0,0,0,0,0,0,0,0,0,0,0
15,550161,2,0,1,0,0,0,0,0,0,0,0,0,0,0,0
13,552610,2,0,1,0,0,0,0,0,0,0,0,0,0,0,0
0,552743,2,0,1,0,0,0,0,0,0,0,0,0,0,0,0
9,552756,2,0,1,0,0,0,0,0,0,0,0,0,0,0,0
0,553515,2,0,1,0,0,0,0,0,0,0,0,0,0,0,0
12,553948,2,0,1,0,0,0,0,0,0,0,0,0,0,0,0
10,554230,2,0,1,0,0,0,0,0,0,0,0,0,0,0,0
15,554325,2,0,1,0,0,0,0,0,0,0,0,0,0,0,0
8,554398,2,0,1,0,0,0,0,0,0,0,0,0,0,0,0
4,555578,2,0,1,0,0,0,0,0,0,0,0,0,0,0,0
4,555893,2,0,1,0,0,0,0,0,0,0,0,0,0,0,0
14,556204,2,0,1,0,0,0,0,0,0,0,0,0,0,0,0
0,557047,2,0,1,0,0,0,0,0,0,0,0,0,0,0,0
2,557175,2,0,1,0,0,0,0,0,0,0,0,0,0,0,0
2,557538,2,0,1,0,0,0,0,0,0,0,0,0,0,0,0
5,558462,2,0,1,0,0,0,0,0,0,0,0,0,0,0,0
13,558646,2,0,1,0,0,0,0,0,0,0,0,0,0,0,0
15,559277,2,0,1,0,0,0,0,0,0,0,0,0,0,0,0
7,559326,2,0,1,0,0,0,0,0,0,0,0,0,0,0,0
5,560167,2,0,1,0,0,0,0,0,0,0,0,0,0,0,0
6,561095,2,0,1,0,0,0,0,0,0,0,0,0,0,0,0
6,561839,2,0,1,0,0,0,0,0,0,0,0,0,0,0,0
9,563179,2,0,1,0,0,0,0,0,0,0,0,0,0,0,0
5,563797,2,0,1,0,0,0,0,0,0,0,0,0,0,0,0
8,563957,2,0,1,0,0,0,0,0,0,0,0,0,0,0,0
7,564313,2,0,1,0,0,0,0,0,0,0,0,0,0,0,0
2,564667,2,0,1,0,0,0,0,0,0,0,0,0,0,0,0
12,567407,2,0,1,0,0,0,0,0,0,0,0,0,0,0,0
6,569224,2,0,1,0,0,0,0,0,0,0,0,0,0,0,0
10,569235,2,0,1,0,0,0,0,0,0,0,0,0,0,0,0
6,569900,2,0,1,0,0,0,0,0,0,0,0,0,0,0,0
14,570363,2,0,1,0,0,0,0,0,0,0,0,0,0,0,0
4,571326,2,0,1,0,0,0,0,0,0,0,0,0,0,0,0
3,571726,2,0,1,0,0,0,0,0,0,0,0,0,0,0,0
4,572022,2,0,1,0,0,0,0,0,0,0,0,0,0,0,0
7,573348,2,0,1,0,0,0,0,0,0,0,0,0,0,0,0
0,573503,2,0,1,0,0,0,0,0,0,0,0,0,0,0,0
8,574834,2,0,1,0,0,0,0,0,0,0,0,0,0,0,0
6,576095,2,0,1,0,0,0,0,0,0,0,0,0,0,0,0
14,576799,2,0,1,0,0,0,0,0,0,0,0,0,0,0,0
15,577422,2,0,1,0,0,0,0,0,0,0,0,0,0,0,0
10,578593,2,0,1,0,0,0,0,0,0,0,0,0,0,0,0
2,579443,2,0,1,0,0,0,0,0,0,0,0,0,0,0,0
13,581912,2,0,1,0,0,0,0,0,0,0,0,0,0,0,0
11,581917,2,0,1,0,0,0,0,0,0,0,0,0,0,0,0
10,582987,2,0,1,0,0,0,0,0,0,0,0,0,0,0,0
13,583350,2,0,1,0,0,0,0,0,0,0,0,0,0,0,0
7,583630,2,0,1,0,0,0,0,0,0,0,0,0,0,0,0
7,584414,2,0,1,0,0,0,0,0,0,0,0,0,0,0,0
4,584737,2,0,1,0,0,0,0,0,0,0,0,0,0,0,0
9,584806,2,0,1,0,0,0,0,0,0,0,0,0,0,0,0
10,585053,2,0,1,0,0,0,0,0,0,0,0,0,0,0,0
0,586309,2,0,1,0,0,0,0,0,0,0,0,0,0,0,0
8,586988,2,0,1,0,0,0,0,0,0,0,0,0,0,0,0
2,587870,2,0,1,0,0,0,0,0,0,0,0,0,0,0,0
5,588160,2,0,1,0,0,0,0,0,0,0,0,0,0,0,0
0,588251,2,0,1,0,0,0,0,0,0,0,0,0,0,0,0
11,588523,2,0,1,0,0,0,0,0,0,0,0,0,0,0,0
13,591190,2,0,1,0,0,0,0,0,0,0,0,0,0,0,0
3,591193,2,0,1,0,0,0,0,0,0,0,0,0,0,0,0
14,592189,2,0,1,0,0,0,0,0,0,0,0,0,0,0,0
10,592345,2,0,1,0,0,0,0,0,0,0,0,0,0,0,0
0,592792,2,0,1,0,0,0,0,0,0,0,0,0,0,0,0
11,592850,2,0,1,0,0,0,0,0,0,0,0,0,0,0,0
4,593546,2,0,1,0,0,0,0,0,0,0,0,0,0,0,0
0,594652,2,0,1,0,0,0,0,0,0,0,0,0,0,0,0
0,595673,2,0,1,0,0,0,0,0,0,0,0,0,0,0,0
6,597032,2,0,1,0,0,0,0,0,0,0,0,0,0,0,0
5,597239,2,0,1,0,0,0,0,0,0,0,0,0,0,0,0
8,598120,2,0,1,0,0,0,0,0,0,0,0,0,0,0,0
3,598129,2,0,1,0,0,0,0,0,0,0,0,0,0,0,0
10,598480,2,0,1,0,0,0,0,0,0,0,0,0,0,0,0
7,598533,2,0,1,0,0,0,0,0,0,0,0,0,0,0,0
15,602017,2,0,1,0,0,0,0,0,0,0,0,0,0,0,0
8,602261,2,0,1,0,0,0,0,0,0,0,0,0,0,0,0
15,603378,2,0,1,0,0,0,0,0,0,0,0,0,0,0,0
11,603577,2,0,1,0,0,0,0,0,0,0,0,0,0,0,0
1,603793,2,0,1,0,0,0,0,0,0,0,0,0,0,0,0
9,603973,2,0,1,0,0,0,0,0,0,0,0,0,0,0,0
0,604424,2,0,1,0,0,0,0,0,0,0,0,0,0,0,0
3,604434,2,0,1,0,0,0,0,0,0,0,0,0,0,0,0
7,606040,2,0,1,0,0,0,0,0,0,0,0,0,0,0,0
13,606342,2,0,1,0,0,0,0,0,0,0,0,0,0,0,0
5,606360,2,0,1,0,0,0,0,0,0,0,0,0,0,0,0
15,608044,2,0,1,0,0,0,0,0,0,0,0,0,0,0,0
1,608392,2,0,1,0,0,0,0,0,0,0,0,0,0,0,0
8,610063,2,0,1,0,0,0,0,0,0,0,0,0,0,0,0
7,611487,2,0,1,0,0,0,0,0,0,0,0,0,0,0,0
4,612063,2,0,1,0,0,0,0,0,0,0,0,0,0,0,0
14,613610,2,0,1,0,0,0,0,0,0,0,0,0,0,0,0
6,615415,2,0,1,0,0,0,0,0,0,0,0,0,0,0,0
2,615760,2,0,1,0,0,0,0,0,0,0,0,0,0,0,0
1,616163,2,0,1,0,0,0,0,0,0,0,0,0,0,0,0
3,616448,2,0,1,0,0,0,0,0,0,0,0,0,0,0,0
9,618741,2,0,1,0,0,0,0,0,0,0,0,0,0,0,0
1,618859,2,0,1,0,0,0,0,0,0,0,0,0,0,0,0
14,619854,2,0,1,0,0,0,0,0,0,0,0,0,0,0,0
9,620336,2,0,1,0,0,0,0,0,0,0,0,0,0,0,0
8,620529,2,0,1,0,0,0,0,0,0,0,0,0,0,0,0
15,622639,2,0,1,0,0,0,0,0,0,0,0,0,0,0,0
8,622757,2,0,1,0,0,0,0,0,0,0,0,0,0,0,0
1,623157,2,0,1,0,0,0,0,0,0,0,0,0,0,0,0
5,623616,2,0,1,0,0,0,0,0,0,0,0,0,0,0,0
10,623888,2,0,1,0,0,0,0,0,0,0,0,0,0,0,0
6,624240,2,0,1,0,0,0,0,0,0,0,0,0,0,0,0
6,624615,2,0,1,0,0,0,0,0,0,0,0,0,0,0,0
5,624694,2,0,1,0,0,0,0,0,0,0,0,0,0,0,0
9,625004,2,0,1,0,0,0,0,0,0,0,0,0,0,0,0
14,625842,2,0,1,0,0,0,0,0,0,0,0,0,0,0,0
3,626657,2,0,1,0,0,0,0,0,0,0,0,0,0,0,0
11,626827,2,0,1,0,0,0,0,0,0,0,0,0,0,0,0
1,627255,2,0,1,0,0,0,0,0,0,0,0,0,0,0,0
7,627804,2,0,1,0,0,0,0,0,0,0,0,0,0,0,0
5,627949,2,0,1,0,0,0,0,0,0,0,0,0,0,0,0
1,628216,2,0,1,0,0,0,0,0,0,0,0,0,0,0,0
12,628493,2,0,1,0,0,0,0,0,0,0,0,0,0,0,0
14,629179,2,0,1,0,0,0,0,0,0,0,0,0,0,0,0
4,629232,2,0,1,0,0,0,0,0,0,0,0,0,0,0,0
2,630317,2,0,1,0,0,0,0,0,0,0,0,0,0,0,0
13,632059,2,0,1,0,0,0,0,0,0,0,0,0,0,0,0
15,632423,2,0,1,0,0,0,0,0,0,0,0,0,0,0,0
0,633021,2,0,1,0,0,0,0,0,0,0,0,0,0,0,0
11,633074,2,0,1,0,0,0,0,0,0,0,0,0,0,0,0
0,633268,2,0,1,0,0,0,0,0,0,0,0,0,0,0,0
5,633277,2,0,1,0,0,0,0,0,0,0,0,0,0,0,0
7,633554,2,0,1,0,0,0,0,0,0,0,0,0,0,0,0
8,633656,2,0,1,0,0,0,0,0,0,0,0,0,0,0,0
14,633723,2,0,1,0,0,0,0,0,0,0,0,0,0,0,0
15,634082,2,0,1,0,0,0,0,0,0,0,0,0,0,0,0
3,636954,2,0,1,0,0,0,0,0,0,0,0,0,0,0,0
10,637118,2,0,1,0,0,0,0,0,0,0,0,0,0,0,0
12,637336,2,0,1,0,0,0,0,0,0,0,0,0,0,0,0
5,637701,2,0,1,0,0,0,0,0,0,0,0,0,0,0,0
4,639717,2,0,1,0,0,0,0,0,0,0,0,0,0,0,0
14,641327,2,0,1,0,0,0,0,0,0,0,0,0,0,0,0
8,642254,2,0,1,0,0,0,0,0,0,0,0,0,0,0,0
8,643141,2,0,1,0,0,0,0,0,0,0,0,0,0,0,0
9,645799,2,0,1,0,0,0,0,0,0,0,0,0,0,0,0
15,646139,2,0,1,0,0,0,0,0,0,0,0,0,0,0,0
9,646220,2,0,1,0,0,0,0,0,0,0,0,0,0,0,0
12,648194,2,0,1,0,0,0,0,0,0,0,0,0,0,0,0
1,648258,2,0,1,0,0,0,0,0,0,0,0,0,0,0,0
1,648492,2,0,1,0,0,0,0,0,0,0,0,0,0,0,0
12,648540,2,0,1,0,0,0,0,0,0,0,0,0,0,0,0
7,649522,2,0,1,0,0,0,0,0,0,0,0,0,0,0,0
2,650114,2,0,1,0,0,0,0,0,0,0,0,0,0,0,0
13,650187,2,0,1,0,0,0,0,0,0,0,0,0,0,0,0
2,650421,2,0,1,0,0,0,0,0,0,0,0,0,0,0,0
10,650545,2,0,1,0,0,0,0,0,0,0,0,0,0,0,0
7,651025,2,0,1,0,0,0,0,0,0,0,0,0,0,0,0
5,651823,2,0,1,0,0,0,0,0,0,0,0,0,0,0,0
4,652045,2,0,1,0,0,0,0,0,0,0,0,0,0,0,0
5,653789,2,0,1,0,0,0,0,0,0,0,0,0,0,0,0
11,653912,2,0,1,0,0,0,0,0,0,0,0,0,0,0,0
4,655555,2,0,1,0,0,0,0,0,0,0,0,0,0,0,0
5,655594,2,0,1,0,0,0,0,0,0,0,0,0,0,0,0
9,656547,2,0,1,0,0,0,0,0,0,0,0,0,0,0,0
3,656659,2,0,1,0,0,0,0,0,0,0,0,0,0,0,0
14,656688,2,0,1,0,0,0,0,0,0,0,0,0,0,0,0
7,658339,2,0,1,0,0,0,0,0,0,0,0,0,0,0,0
6,658874,2,0,1,0,0,0,0,0,0,0,0,0,0,0,0
13,658961,2,0,1,0,0,0,0,0,0,0,0,0,0,0,0
0,659279,2,0,1,0,0,0,0,0,0,0,0,0,0,0,0
9,659574,2,0,1,0,0,0,0,0,0,0,0,0,0,0,0
12,659787,2,0,1,0,0,0,0,0,0,0,0,0,0,0,0
0,661621,2,0,1,0,0,0,0,0,0,0,0,0,0,0,0
11,662830,2,0,1,0,0,0,0,0,0,0,0,0,0,0,0
4,663338,2,0,1,0,0,0,0,0,0,0,0,0,0,0,0
9,663641,2,0,1,0,0,0,0,0,0,0,0,0,0,0,0
3,664362,2,0,1,0,0,0,0,0,0,0,0,0,0,0,0
13,665789,2,0,1,0,0,0,0,0,0,0,0,0,0,0,0
1,665888,2,0,1,0,0,0,0,0,0,0,0,0,0,0,0
9,666288,2,0,1,0,0,0,0,0,0,0,0,0,0,0,0
11,666307,2,0,1,0,0,0,0,0,0,0,0,0,0,0,0
7,668447,2,0,1,0,0,0,0,0,0,0,0,0,0,0,0
9,668465,2,0,1,0,0,0,0,0,0,0,0,0,0,0,0
2,668771,2,0,1,0,0,0,0,0,0,0,0,0,0,0,0
6,668982,2,0,1,0,0,0,0,0,0,0,0,0,0,0,0
5,669796,2,0,1,0,0,0,0,0,0,0,0,0,0,0,0
2,670354,2,0,1,0,0,0,0,0,0,0,0,0,0,0,0
3,670986,2,0,1,0,0,0,0,0,0,0,0,0,0,0,0
2,671692,2,0,1,0,0,0,0,0,0,0,0,0,0,0,0
11,672171,2,0,1,0,0,0,0,0,0,0,0,0,0,0,0
10,672619,2,0,1,0,0,0,0,0,0,0,0,0,0,0,0
7,672990,2,0,1,0,0,0,0,0,0,0,0,0,0,0,0
11,673205,2,0,1,0,0,0,0,0,0,0,0,0,0,0,0
13,673601,2,0,1,0,0,0,0,0,0,0,0,0,0,0,0
6,674061,2,0,1,0,0,0,0,0,0,0,0,0,0,0,0
13,674203,2,0,1,0,0,0,0,0,0,0,0,0,0,0,0
14,674517,2,0,1,0,0,0,0,0,0,0,0,0,0,0,0
6,675212,2,0,1,0,0,0,0,0,0,0,0,0,0,0,0
6,676255,2,0,1,0,0,0,0,0,0,0,0,0,0,0,0
8,678078,2,0,1,0,0,0,0,0,0,0,0,0,0,0,0
9,678757,2,0,1,0,0,0,0,0,0,0,0,0,0,0,0
12,681686,2,0,1,0,0,0,0,0,0,0,0,0,0,0,0
7,682086,2,0,1,0,0,0,0,0,0,0,0,0,0,0,0
13,682649,2,0,1,0,0,0,0,0,0,0,0,0,0,0,0
11,682651,2,0,1,0,0,0,0,0,0,0,0,0,0,0,0
0,683209,2,0,1,0,0,0,0,0,0,0,0,0,0,0,0
0,683926,2,0,1,0,0,0,0,0,0,0,0,0,0,0,0
6,684072,2,0,1,0,0,0,0,0,0,0,0,0,0,0,0
7,685106,2,0,1,0,0,0,0,0,0,0,0,0,0,0,0
11,685542,2,0,1,0,0,0,0,0,0,0,0,0,0,0,0
6,685971,2,0,1,0,0,0,0,0,0,0,0,0,0,0,0
0,686162,2,0,1,0,0,0,0,0,0,0,0,0,0,0,0
6,686368,2,0,1,0,0,0,0,0,0,0,0,0,0,0,0
3,686673,2,0,1,0,0,0,0,0,0,0,0,0,0,0,0
12,687965,2,0,1,0,0,0,0,0,0,0,0,0,0,0,0
2,688182,2,0,1,0,0,0,0,0,0,0,0,0,0,0,0
15,689245,2,0,1,0,0,0,0,0,0,0,0,0,0,0,0
7,689294,2,0,1,0,0,0,0,0,0,0,0,0,0,0,0
11,690269,2,0,1,0,0,0,0,0,0,0,0,0,0,0,0
8,693923,2,0,1,0,0,0,0,0,0,0,0,0,0,0,0
9,694079,2,0,1,0,0,0,0,0,0,0,0,0,0,0,0
13,695165,2,0,1,0,0,0,0,0,0,0,0,0,0,0,0
4,695541,2,0,1,0,0,0,0,0,0,0,0,0,0,0,0
14,698376,2,0,1,0,0,0,0,0,0,0,0,0,0,0,0
13,699018,2,0,1,0,0,0,0,0,0,0,0,0,0,0,0
10,699458,2,0,1,0,0,0,0,0,0,0,0,0,0,0,0
0,700106,2,0,1,0,0,0,0,0,0,0,0,0,0,0,0
9,701867,2,0,1,0,0,0,0,0,0,0,0,0,0,0,0
5,702137,2,0,1,0,0,0,0,0,0,0,0,0,0,0,0
13,703456,2,0,1,0,0,0,0,0,0,0,0,0,0,0,0
11,704236,2,0,1,0,0,0,0,0,0,0,0,0,0,0,0
15,704430,2,0,1,0,0,0,0,0,0,0,0,0,0,0,0
13,705682,2,0,1,0,0,0,0,0,0,0,0,0,0,0,0
8,707087,2,0,1,0,0,0,0,0,0,0,0,0,0,0,0
2,707680,2,0,1,0,0,0,0,0,0,0,0,0,0,0,0
15,709326,2,0,1,0,0,0,0,0,0,0,0,0,0,0,0
14,711410,2,0,1,0,0,0,0,0,0,0,0,0,0,0,0
6,713741,2,0,1,0,0,0,0,0,0,0,0,0,0,0,0
3,713874,2,0,1,0,0,0,0,0,0,0,0,0,0,0,0
4,715371,2,0,1,0,0,0,0,0,0,0,0,0,0,0,0
5,715884,2,0,1,0,0,0,0,0,0,0,0,0,0,0,0
14,719082,2,0,1,0,0,0,0,0,0,0,0,0,0,0,0
2,719265,2,0,1,0,0,0,0,0,0,0,0,0,0,0,0
2,719406,2,0,1,0,0,0,0,0,0,0,0,0,0,0,0
7,719752,2,0,1,0,0,0,0,0,0,0,0,0,0,0,0
13,719993,2,0,1,0,0,0,0,0,0,0,0,0,0,0,0
12,720692,2,0,1,0,0,0,0,0,0,0,0,0,0,0,0
2,721498,2,0,1,0,0,0,0,0,0,0,0,0,0,0,0
7,721864,2,0,1,0,0,0,0,0,0,0,0,0,0,0,0
1,721898,2,0,1,0,0,0,0,0,0,0,0,0,0,0,0
15,722866,2,0,1,0,0,0,0,0,0,0,0,0,0,0,0
15,723542,2,0,1,0,0,0,0,0,0,0,0,0,0,0,0
10,727355,2,0,1,0,0,0,0,0,0,0,0,0,0,0,0
2,727396,2,0,1,0,0,0,0,0,0,0,0,0,0,0,0
11,729221,2,0,1,0,0,0,0,0,0,0,0,0,0,0,0
6,729464,2,0,1,0,0,0,0,0,0,0,0,0,0,0,0
15,730213,2,0,1,0,0,0,0,0,0,0,0,0,0,0,0
12,730993,2,0,1,0,0,0,0,0,0,0,0,0,0,0,0
10,732499,2,0,1,0,0,0,0,0,0,0,0,0,0,0,0
13,734351,2,0,1,0,0,0,0,0,0,0,0,0,0,0,0
6,734456,2,0,1,0,0,0,0,0,0,0,0,0,0,0,0
10,734475,2,0,1,0,0,0,0,0,0,0,0,0,0,0,0
15,735934,2,0,1,0,0,0,0,0,0,0,0,0,0,0,0
5,736699,2,0,1,0,0,0,0,0,0,0,0,0,0,0,0
14,736918,2,0,1,0,0,0,0,0,0,0,0,0,0,0,0
7,737906,2,0,1,0,0,0,0,0,0,0,0,0,0,0,0
6,737957,2,0,1,0,0,0,0,0,0,0,0,0,0,0,0
10,738766,2,0,1,0,0,0,0,0,0,0,0,0,0,0,0
11,739507,2,0,1,0,0,0,0,0,0,0,0,0,0,0,0
14,739618,2,0,1,0,0,0,0,0,0,0,0,0,0,0,0
15,740234,2,0,1,0,0,0,0,0,0,0,0,0,0,0,0
10,741189,2,0,1,0,0,0,0,0,0,0,0,0,0,0,0
5,741770,2,0,1,0,0,0,0,0,0,0,0,0,0,0,0
4,742354,2,0,1,0,0,0,0,0,0,0,0,0,0,0,0
13,743064,2,0,1,0,0,0,0,0,0,0,0,0,0,0,0
3,744218,2,0,1,0,0,0,0,0,0,0,0,0,0,0,0
5,744351,2,0,1,0,0,0,0,0,0,0,0,0,0,0,0
14,744934,2,0,1,0,0,0,0,0,0,0,0,0,0,0,0
6,745037,2,0,1,0,0,0,0,0,0,0,0,0,0,0,0
15,745757,2,0,1,0,0,0,0,0,0,0,0,0,0,0,0
2,750644,2,0,1,0,0,0,0,0,0,0,0,0,0,0,0
1,751870,2,0,1,0,0,0,0,0,0,0,0,0,0,0,0
4,751998,2,0,1,0,0,0,0,0,0,0,0,0,0,0,0
10,752244,2,0,1,0,0,0,0,0,0,0,0,0,0,0,0
1,752269,2,0,1,0,0,0,0,0,0,0,0,0,0,0,0
12,752823,2,0,1,0,0,0,0,0,0,0,0,0,0,0,0
1,754242,2,0,1,0,0,0,0,0,0,0,0,0,0,0,0
10,754739,2,0,1,0,0,0,0,0,0,0,0,0,0,0,0
12,755198,2,0,1,0,0,0,0,0,0,0,0,0,0,0,0
10,755337,2,0,1,0,0,0,0,0,0,0,0,0,0,0,0
11,756219,2,0,1,0,0,0,0,0,0,0,0,0,0,0,0
11,756638,2,0,1,0,0,0,0,0,0,0,0,0,0,0,0
2,757079,2,0,1,0,0,0,0,0,0,0,0,0,0,0,0
0,757095,2,0,1,0,0,0,0,0,0,0,0,0,0,0,0
4,757430,2,0,1,0,0,0,0,0,0,0,0,0,0,0,0
8,757480,2,0,1,0,0,0,0,0,0,0,0,0,0,0,0
5,757701,2,0,1,0,0,0,0,0,0,0,0,0,0,0,0
13,759057,2,0,1,0,0,0,0,0,0,0,0,0,0,0,0
1,759074,2,0,1,0,0,0,0,0,0,0,0,0,0,0,0
12,761661,2,0,1,0,0,0,0,0,0,0,0,0,0,0,0
11,762087,2,0,1,0,0,0,0,0,0,0,0,0,0,0,0
3,762733,2,0,1,0,0,0,0,0,0,0,0,0,0,0,0
13,763066,2,0,1,0,0,0,0,0,0,0,0,0,0,0,0
1,763511,2,0,1,0,0,0,0,0,0,0,0,0,0,0,0
11,764776,2,0,1,0,0,0,0,0,0,0,0,0,0,0,0
7,764899,2,0,1,0,0,0,0,0,0,0,0,0,0,0,0
3,765314,2,0,1,0,0,0,0,0,0,0,0,0,0,0,0
11,767059,2,0,1,0,0,0,0,0,0,0,0,0,0,0,0
3,767158,2,0,1,0,0,0,0,0,0,0,0,0,0,0,0
1,767714,2,0,1,0,0,0,0,0,0,0,0,0,0,0,0
2,769982,2,0,1,0,0,0,0,0,0,0,0,0,0,0,0
7,770284,2,0,1,0,0,0,0,0,0,0,0,0,0,0,0
2,770637,2,0,1,0,0,0,0,0,0,0,0,0,0,0,0
5,770750,2,0,1,0,0,0,0,0,0,0,0,0,0,0,0
1,770874,2,0,1,0,0,0,0,0,0,0,0,0,0,0,0
15,772251,2,0,1,0,0,0,0,0,0,0,0,0,0,0,0
3,772311,2,0,1,0,0,0,0,0,0,0,0,0,0,0,0
1,772325,2,0,1,0,0,0,0,0,0,0,0,0,0,0,0
6,773713,2,0,1,0,0,0,0,0,0,0,0,0,0,0,0
7,774541,2,0,1,0,0,0,0,0,0,0,0,0,0,0,0
15,775354,2,0,1,0,0,0,0,0,0,0,0,0,0,0,0
5,776165,2,0,1,0,0,0,0,0,0,0,0,0,0,0,0
2,776228,2,0,1,0,0,0,0,0,0,0,0,0,0,0,0
1,776891,2,0,1,0,0,0,0,0,0,0,0,0,0,0,0
12,777341,2,0,1,0,0,0,0,0,0,0,0,0,0,0,0
2,779056,2,0,1,0,0,0,0,0,0,0,0,0,0,0,0
12,779516,2,0,1,0,0,0,0,0,0,0,0,0,0,0,0
8,779681,2,0,1,0,0,0,0,0,0,0,0,0,0,0,0
11,780709,2,0,1,0,0,0,0,0,0,0,0,0,0,0,0
8,781769,2,0,1,0,0,0,0,0,0,0,0,0,0,0,0
3,782333,2,0,1,0,0,0,0,0,0,0,0,0,0,0,0
3,785271,2,0,1,0,0,0,0,0,0,0,0,0,0,0,0
9,785344,2,0,1,0,0,0,0,0,0,0,0,0,0,0,0
6,785644,2,0,1,0,0,0,0,0,0,0,0,0,0,0,0
12,786081,2,0,1,0,0,0,0,0,0,0,0,0,0,0,0
4,787376,2,0,1,0,0,0,0,0,0,0,0,0,0,0,0
13,787503,2,0,1,0,0,0,0,0,0,0,0,0,0,0,0
6,788430,2,0,1,0,0,0,0,0,0,0,0,0,0,0,0
8,789206,2,0,1,0,0,0,0,0,0,0,0,0,0,0,0
7,791093,2,0,1,0,0,0,0,0,0,0,0,0,0,0,0
7,792791,2,0,1,0,0,0,0,0,0,0,0,0,0,0,0
15,794200,2,0,1,0,0,0,0,0,0,0,0,0,0,0,0
14,795350,2,0,1,0,0,0,0,0,0,0,0,0,0,0,0
7,795844,2,0,1,0,0,0,0,0,0,0,0,0,0,0,0
3,795948,2,0,1,0,0,0,0,0,0,0,0,0,0,0,0
8,796375,2,0,1,0,0,0,0,0,0,0,0,0,0,0,0
0,796442,2,0,1,0,0,0,0,0,0,0,0,0,0,0,0
10,797535,2,0,1,0,0,0,0,0,0,0,0,0,0,0,0
15,797589,2,0,1,0,0,0,0,0,0,0,0,0,0,0,0
11,798304,2,0,1,0,0,0,0,0,0,0,0,0,0,0,0
7,798426,2,0,1,0,0,0,0,0,0,0,0,0,0,0,0
13,798578,2,0,1,0,0,0,0,0,0,0,0,0,0,0,0
14,798834,2,0,1,0,0,0,0,0,0,0,0,0,0,0,0
14,798890,2,0,1,0,0,0,0,0,0,0,0,0,0,0,0
3,799834,2,0,1,0,0,0,0,0,0,0,0,0,0,0,0
11,800565,2,0,1,0,0,0,0,0,0,0,0,0,0,0,0
6,800649,2,0,1,0,0,0,0,0,0,0,0,0,0,0,0
13,801418,2,0,1,0,0,0,0,0,0,0,0,0,0,0,0
11,801773,2,0,1,0,0,0,0,0,0,0,0,0,0,0,0
8,802731,2,0,1,0,0,0,0,0,0,0,0,0,0,0,0
2,803949,2,0,1,0,0,0,0,0,0,0,0,0,0,0,0
14,805265,2,0,1,0,0,0,0,0,0,0,0,0,0,0,0
2,805279,2,0,1,0,0,0,0,0,0,0,0,0,0,0,0
10,805356,2,0,1,0,0,0,0,0,0,0,0,0,0,0,0
6,807227,2,0,1,0,0,0,0,0,0,0,0,0,0,0,0
7,807826,2,0,1,0,0,0,0,0,0,0,0,0,0,0,0
1,807937,2,0,1,0,0,0,0,0,0,0,0,0,0,0,0
7,809910,2,0,1,0,0,0,0,0,0,0,0,0,0,0,0
4,810135,2,0,1,0,0,0,0,0,0,0,0,0,0,0,0
7,810974,2,0,1,0,0,0,0,0,0,0,0,0,0,0,0
14,812338,2,0,1,0,0,0,0,0,0,0,0,0,0,0,0
8,812557,2,0,1,0,0,0,0,0,0,0,0,0,0,0,0
5,813575,2,0,1,0,0,0,0,0,0,0,0,0,0,0,0
7,813851,2,0,1,0,0,0,0,0,0,0,0,0,0,0,0
6,813916,2,0,1,0,0,0,0,0,0,0,0,0,0,0,0
1,814514,2,0,1,0,0,0,0,0,0,0,0,0,0,0,0
13,814782,2,0,1,0,0,0,0,0,0,0,0,0,0,0,0
3,815405,2,0,1,0,0,0,0,0,0,0,0,0,0,0,0
14,816487,2,0,1,0,0,0,0,0,0,0,0,0,0,0,0
9,817391,2,0,1,0,0,0,0,0,0,0,0,0,0,0,0
13,818998,2,0,1,0,0,0,0,0,0,0,0,0,0,0,0
7,819136,2,0,1,0,0,0,0,0,0,0,0,0,0,0,0
13,819843,2,0,1,0,0,0,0,0,0,0,0,0,0,0,0
5,821300,2,0,1,0,0,0,0,0,0,0,0,0,0,0,0
8,821501,2,0,1,0,0,0,0,0,0,0,0,0,0,0,0
11,821840,2,0,1,0,0,0,0,0,0,0,0,0,0,0,0
0,822377,2,0,1,0,0,0,0,0,0,0,0,0,0,0,0
3,822487,2,0,1,0,0,0,0,0,0,0,0,0,0,0,0
6,822583,2,0,1,0,0,0,0,0,0,0,0,0,0,0,0
7,822909,2,0,1,0,0,0,0,0,0,0,0,0,0,0,0
8,823104,2,0,1,0,0,0,0,0,0,0,0,0,0,0,0
15,823341,2,0,1,0,0,0,0,0,0,0,0,0,0,0,0
1,823982,2,0,1,0,0,0,0,0,0,0,0,0,0,0,0
9,825031,2,0,1,0,0,0,0,0,0,0,0,0,0,0,0
13,825613,2,0,1,0,0,0,0,0,0,0,0,0,0,0,0
4,825683,2,0,1,0,0,0,0,0,0,0,0,0,0,0,0
9,826304,2,0,1,0,0,0,0,0,0,0,0,0,0,0,0
3,828551,2,0,1,0,0,0,0,0,0,0,0,0,0,0,0
15,828720,2,0,1,0,0,0,0,0,0,0,0,0,0,0,0
0,828936,2,0,1,0,0,0,0,0,0,0,0,0,0,0,0
6,829257,2,0,1,0,0,0,0,0,0,0,0,0,0,0,0
11,829321,2,0,1,0,0,0,0,0,0,0,0,0,0,0,0
13,830688,2,0,1,0,0,0,0,0,0,0,0,0,0,0,0
5,831449,2,0,1,0,0,0,0,0,0,0,0,0,0,0,0
14,833030,2,0,1,0,0,0,0,0,0,0,0,0,0,0,0
10,833871,2,0,1,0,0,0,0,0,0,0,0,0,0,0,0
10,834549,2,0,1,0,0,0,0,0,0,0,0,0,0,0,0
6,835228,2,0,1,0,0,0,0,0,0,0,0,0,0,0,0
6,836325,2,0,1,0,0,0,0,0,0,0,0,0,0,0,0
14,838602,2,0,1,0,0,0,0,0,0,0,0,0,0,0,0
9,839373,2,0,1,0,0,0,0,0,0,0,0,0,0,0,0
14,839528,2,0,1,0,0,0,0,0,0,0,0,0,0,0,0
0,840160,2,0,1,0,0,0,0,0,0,0,0,0,0,0,0
3,841619,2,0,1,0,0,0,0,0,0,0,0,0,0,0,0
2,842191,2,0,1,0,0,0,0,0,0,0,0,0,0,0,0
0,842757,2,0,1,0,0,0,0,0,0,0,0,0,0,0,0
13,843210,2,0,1,0,0,0,0,0,0,0,0,0,0,0,0
5,843708,2,0,1,0,0,0,0,0,0,0,0,0,0,0,0
6,844005,2,0,1,0,0,0,0,0,0,0,0,0,0,0,0
2,844826,2,0,1,0,0,0,0,0,0,0,0,0,0,0,0
14,845043,2,0,1,0,0,0,0,0,0,0,0,0,0,0,0
2,845078,2,0,1,0,0,0,0,0,0,0,0,0,0,0,0
14,845270,2,0,1,0,0,0,0,0,0,0,0,0,0,0,0
1,845692,2,0,1,0,0,0,0,0,0,0,0,0,0,0,0
2,846715,2,0,1,0,0,0,0,0,0,0,0,0,0,0,0
2,847372,2,0,1,0,0,0,0,0,0,0,0,0,0,0,0
14,848720,2,0,1,0,0,0,0,0,0,0,0,0,0,0,0
14,848833,2,0,1,0,0,0,0,0,0,0,0,0,0,0,0
11,849462,2,0,1,0,0,0,0,0,0,0,0,0,0,0,0
0,849595,2,0,1,0,0,0,0,0,0,0,0,0,0,0,0
10,850178,2,0,1,0,0,0,0,0,0,0,0,0,0,0,0
9,851568,2,0,1,0,0,0,0,0,0,0,0,0,0,0,0
0,852086,2,0,1,0,0,0,0,0,0,0,0,0,0,0,0
13,853969,2,0,1,0,0,0,0,0,0,0,0,0,0,0,0
14,854364,2,0,1,0,0,0,0,0,0,0,0,0,0,0,0
1,854860,2,0,1,0,0,0,0,0,0,0,0,0,0,0,0
9,855553,2,0,1,0,0,0,0,0,0,0,0,0,0,0,0
7,855783,2,0,1,0,0,0,0,0,0,0,0,0,0,0,0
1,857155,2,0,1,0,0,0,0,0,0,0,0,0,0,0,0
12,857420,2,0,1,0,0,0,0,0,0,0,0,0,0,0,0
4,858945,2,0,1,0,0,0,0,0,0,0,0,0,0,0,0
14,859257,2,0,1,0,0,0,0,0,0,0,0,0,0,0,0
15,860604,2,0,1,0,0,0,0,0,0,0,0,0,0,0,0
15,861108,2,0,1,0,0,0,0,0,0,0,0,0,0,0,0
11,861349,2,0,1,0,0,0,0,0,0,0,0,0,0,0,0
5,863191,2,0,1,0,0,0,0,0,0,0,0,0,0,0,0
15,863734,2,0,1,0,0,0,0,0,0,0,0,0,0,0,0
7,863881,2,0,1,0,0,0,0,0,0,0,0,0,0,0,0
2,864061,2,0,1,0,0,0,0,0,0,0,0,0,0,0,0
1,864170,2,0,1,0,0,0,0,0,0,0,0,0,0,0,0
6,864208,2,0,1,0,0,0,0,0,0,0,0,0,0,0,0
8,868660,2,0,1,0,0,0,0,0,0,0,0,0,0,0,0
10,869029,2,0,1,0,0,0,0,0,0,0,0,0,0,0,0
0,870085,2,0,1,0,0,0,0,0,0,0,0,0,0,0,0
6,871528,2,0,1,0,0,0,0,0,0,0,0,0,0,0,0
9,871888,2,0,1,0,0,0,0,0,0,0,0,0,0,0,0
12,871912,2,0,1,0,0,0,0,0,0,0,0,0,0,0,0
11,872243,2,0,1,0,0,0,0,0,0,0,0,0,0,0,0
5,872366,2,0,1,0,0,0,0,0,0,0,0,0,0,0,0
5,872442,2,0,1,0,0,0,0,0,0,0,0,0,0,0,0
4,872508,2,0,1,0,0,0,0,0,0,0,0,0,0,0,0
8,872819,2,0,1,0,0,0,0,0,0,0,0,0,0,0,0
13,873822,2,0,1,0,0,0,0,0,0,0,0,0,0,0,0
12,874957,2,0,1,0,0,0,0,0,0,0,0,0,0,0,0
10,875436,2,0,1,0,0,0,0,0,0,0,0,0,0,0,0
3,876901,2,0,1,0,0,0,0,0,0,0,0,0,0,0,0
0,878478,2,0,1,0,0,0,0,0,0,0,0,0,0,0,0
0,879168,2,0,1,0,0,0,0,0,0,0,0,0,0,0,0
9,879402,2,0,1,0,0,0,0,0,0,0,0,0,0,0,0
9,881193,2,0,1,0,0,0,0,0,0,0,0,0,0,0,0
7,881640,2,0,1,0,0,0,0,0,0,0,0,0,0,0,0
15,881769,2,0,1,0,0,0,0,0,0,0,0,0,0,0,0
6,882231,2,0,1,0,0,0,0,0,0,0,0,0,0,0,0
0,883565,2,0,1,0,0,0,0,0,0,0,0,0,0,0,0
11,884107,2,0,1,0,0,0,0,0,0,0,0,0,0,0,0
14,884890,2,0,1,0,0,0,0,0,0,0,0,0,0,0,0
9,885252,2,0,1,0,0,0,0,0,0,0,0,0,0,0,0
7,885357,2,0,1,0,0,0,0,0,0,0,0,0,0,0,0
10,885741,2,0,1,0,0,0,0,0,0,0,0,0,0,0,0
12,886141,2,0,1,0,0,0,0,0,0,0,0,0,0,0,0
14,887434,2,0,1,0,0,0,0,0,0,0,0,0,0,0,0
12,888344,2,0,1,0,0,0,0,0,0,0,0,0,0,0,0
4,889044,2,0,1,0,0,0,0,0,0,0,0,0,0,0,0
3,891690,2,0,1,0,0,0,0,0,0,0,0,0,0,0,0
10,892988,2,0,1,0,0,0,0,0,0,0,0,0,0,0,0
9,893549,2,0,1,0,0,0,0,0,0,0,0,0,0,0,0
14,893660,2,0,1,0,0,0,0,0,0,0,0,0,0,0,0
9,895827,2,0,1,0,0,0,0,0,0,0,0,0,0,0,0
7,895830,2,0,1,0,0,0,0,0,0,0,0,0,0,0,0
13,896359,2,0,1,0,0,0,0,0,0,0,0,0,0,0,0
12,896374,2,0,1,0,0,0,0,0,0,0,0,0,0,0,0
0,896612,2,0,1,0,0,0,0,0,0,0,0,0,0,0,0
13,897159,2,0,1,0,0,0,0,0,0,0,0,0,0,0,0
2,897442,2,0,1,0,0,0,0,0,0,0,0,0,0,0,0
15,897473,2,0,1,0,0,0,0,0,0,0,0,0,0,0,0
10,898338,2,0,1,0,0,0,0,0,0,0,0,0,0,0,0
14,899312,2,0,1,0,0,0,0,0,0,0,0,0,0,0,0
15,899790,2,0,1,0,0,0,0,0,0,0,0,0,0,0,0
11,900161,2,0,1,0,0,0,0,0,0,0,0,0,0,0,0
1,901034,2,0,1,0,0,0,0,0,0,0,0,0,0,0,0
0,901144,2,0,1,0,0,0,0,0,0,0,0,0,0,0,0
9,902665,2,0,1,0,0,0,0,0,0,0,0,0,0,0,0
12,902903,2,0,1,0,0,0,0,0,0,0,0,0,0,0,0
5,903414,2,0,1,0,0,0,0,0,0,0,0,0,0,0,0
10,905080,2,0,1,0,0,0,0,0,0,0,0,0,0,0,0
11,905327,2,0,1,0,0,0,0,0,0,0,0,0,0,0,0
3,905947,2,0,1,0,0,0,0,0,0,0,0,0,0,0,0
2,907754,2,0,1,0,0,0,0,0,0,0,0,0,0,0,0
14,909025,2,0,1,0,0,0,0,0,0,0,0,0,0,0,0
3,909440,2,0,1,0,0,0,0,0,0,0,0,0,0,0,0
4,909606,2,0,1,0,0,0,0,0,0,0,0,0,0,0,0
6,911170,2,0,1,0,0,0,0,0,0,0,0,0,0,0,0
3,913201,2,0,1,0,0,0,0,0,0,0,0,0,0,0,0
2,914130,2,0,1,0,0,0,0,0,0,0,0,0,0,0,0
8,914221,2,0,1,0,0,0,0,0,0,0,0,0,0,0,0
15,914328,2,0,1,0,0,0,0,0,0,0,0,0,0,0,0
14,914332,2,0,1,0,0,0,0,0,0,0,0,0,0,0,0
5,914406,2,0,1,0,0,0,0,0,0,0,0,0,0,0,0
4,914633,2,0,1,0,0,0,0,0,0,0,0,0,0,0,0
10,916096,2,0,1,0,0,0,0,0,0,0,0,0,0,0,0
0,916326,2,0,1,0,0,0,0,0,0,0,0,0,0,0,0
5,917970,2,0,1,0,0,0,0,0,0,0,0,0,0,0,0
10,919070,2,0,1,0,0,0,0,0,0,0,0,0,0,0,0
11,919900,2,0,1,0,0,0,0,0,0,0,0,0,0,0,0
5,920137,2,0,1,0,0,0,0,0,0,0,0,0,0,0,0
8,920585,2,0,1,0,0,0,0,0,0,0,0,0,0,0,0
11,920730,2,0,1,0,0,0,0,0,0,0,0,0,0,0,0
3,921388,2,0,1,0,0,0,0,0,0,0,0,0,0,0,0
0,922466,2,0,1,0,0,0,0,0,0,0,0,0,0,0,0
7,923150,2,0,1,0,0,0,0,0,0,0,0,0,0,0,0
9,924523,2,0,1,0,0,0,0,0,0,0,0,0,0,0,0
14,925685,2,0,1,0,0,0,0,0,0,0,0,0,0,0,0
14,925730,2,0,1,0,0,0,0,0,0,0,0,0,0,0,0
15,926814,2,0,1,0,0,0,0,0,0,0,0,0,0,0,0
14,929420,2,0,1,0,0,0,0,0,0,0,0,0,0,0,0
4,930203,2,0,1,0,0,0,0,0,0,0,0,0,0,0,0
6,930327,2,0,1,0,0,0,0,0,0,0,0,0,0,0,0
6,930612,2,0,1,0,0,0,0,0,0,0,0,0,0,0,0
5,930945,2,0,1,0,0,0,0,0,0,0,0,0,0,0,0
10,930953,2,0,1,0,0,0,0,0,0,0,0,0,0,0,0
5,931078,2,0,1,0,0,0,0,0,0,0,0,0,0,0,0
7,931906,2,0,1,0,0,0,0,0,0,0,0,0,0,0,0
2,934305,2,0,1,0,0,0,0,0,0,0,0,0,0,0,0
5,935102,2,0,1,0,0,0,0,0,0,0,0,0,0,0,0
10,935138,2,0,1,0,0,0,0,0,0,0,0,0,0,0,0
2,935730,2,0,1,0,0,0,0,0,0,0,0,0,0,0,0
10,936097,2,0,1,0,0,0,0,0,0,0,0,0,0,0,0
14,936305,2,0,1,0,0,0,0,0,0,0,0,0,0,0,0
0,936927,2,0,1,0,0,0,0,0,0,0,0,0,0,0,0
12,938695,2,0,1,0,0,0,0,0,0,0,0,0,0,0,0
8,939801,2,0,1,0,0,0,0,0,0,0,0,0,0,0,0
4,940177,2,0,1,0,0,0,0,0,0,0,0,0,0,0,0
8,942414,2,0,1,0,0,0,0,0,0,0,0,0,0,0,0
2,943745,2,0,1,0,0,0,0,0,0,0,0,0,0,0,0
4,944051,2,0,1,0,0,0,0,0,0,0,0,0,0,0,0
4,944052,2,0,1,0,0,0,0,0,0,0,0,0,0,0,0
13,945704,2,0,1,0,0,0,0,0,0,0,0,0,0,0,0
4,946337,2,0,1,0,0,0,0,0,0,0,0,0,0,0,0
0,947501,2,0,1,0,0,0,0,0,0,0,0,0,0,0,0
12,949999,2,0,1,0,0,0,0,0,0,0,0,0,0,0,0
6,950745,2,0,1,0,0,0,0,0,0,0,0,0,0,0,0
13,951283,2,0,1,0,0,0,0,0,0,0,0,0,0,0,0
5,951409,2,0,1,0,0,0,0,0,0,0,0,0,0,0,0
2,951831,2,0,1,0,0,0,0,0,0,0,0,0,0,0,0
12,951997,2,0,1,0,0,0,0,0,0,0,0,0,0,0,0
9,952450,2,0,1,0,0,0,0,0,0,0,0,0,0,0,0
8,955328,2,0,1,0,0,0,0,0,0,0,0,0,0,0,0
11,956459,2,0,1,0,0,0,0,0,0,0,0,0,0,0,0
9,956666,2,0,1,0,0,0,0,0,0,0,0,0,0,0,0
8,956845,2,0,1,0,0,0,0,0,0,0,0,0,0,0,0
0,958652,2,0,1,0,0,0,0,0,0,0,0,0,0,0,0
8,958760,2,0,1,0,0,0,0,0,0,0,0,0,0,0,0
12,959002,2,0,1,0,0,0,0,0,0,0,0,0,0,0,0
11,960020,2,0,1,0,0,0,0,0,0,0,0,0,0,0,0
6,960406,2,0,1,0,0,0,0,0,0,0,0,0,0,0,0
3,960828,2,0,1,0,0,0,0,0,0,0,0,0,0,0,0
13,961940,2,0,1,0,0,0,0,0,0,0,0,0,0,0,0
4,963129,2,0,1,0,0,0,0,0,0,0,0,0,0,0,0
2,963321,2,0,1,0,0,0,0,0,0,0,0,0,0,0,0
12,963864,2,0,1,0,0,0,0,0,0,0,0,0,0,0,0
0,964057,2,0,1,0,0,0,0,0,0,0,0,0,0,0,0
0,964961,2,0,1,0,0,0,0,0,0,0,0,0,0,0,0
2,965646,2,0,1,0,0,0,0,0,0,0,0,0,0,0,0
3,966256,2,0,1,0,0,0,0,0,0,0,0,0,0,0,0
6,966715,2,0,1,0,0,0,0,0,0,0,0,0,0,0,0
1,967793,2,0,1,0,0,0,0,0,0,0,0,0,0,0,0
12,970396,2,0,1,0,0,0,0,0,0,0,0,0,0,0,0
3,970985,2,0,1,0,0,0,0,0,0,0,0,0,0,0,0
13,971251,2,0,1,0,0,0,0,0,0,0,0,0,0,0,0
15,971504,2,0,1,0,0,0,0,0,0,0,0,0,0,0,0
2,972876,2,0,1,0,0,0,0,0,0,0,0,0,0,0,0
10,974578,2,0,1,0,0,0,0,0,0,0,0,0,0,0,0
11,976223,2,0,1,0,0,0,0,0,0,0,0,0,0,0,0
2,977449,2,0,1,0,0,0,0,0,0,0,0,0,0,0,0
15,977639,2,0,1,0,0,0,0,0,0,0,0,0,0,0,0
13,978312,2,0,1,0,0,0,0,0,0,0,0,0,0,0,0
6,979860,2,0,1,0,0,0,0,0,0,0,0,0,0,0,0
11,980065,2,0,1,0,0,0,0,0,0,0,0,0,0,0,0
0,980695,2,0,1,0,0,0,0,0,0,0,0,0,0,0,0
4,982164,2,0,1,0,0,0,0,0,0,0,0,0,0,0,0
14,982205,2,0,1,0,0,0,0,0,0,0,0,0,0,0,0
15,983908,2,0,1,0,0,0,0,0,0,0,0,0,0,0,0
14,984691,2,0,1,0,0,0,0,0,0,0,0,0,0,0,0
11,986051,2,0,1,0,0,0,0,0,0,0,0,0,0,0,0
15,988455,2,0,1,0,0,0,0,0,0,0,0,0,0,0,0
2,988599,2,0,1,0,0,0,0,0,0,0,0,0,0,0,0
6,989288,2,0,1,0,0,0,0,0,0,0,0,0,0,0,0
14,989358,2,0,1,0,0,0,0,0,0,0,0,0,0,0,0
13,989862,2,0,1,0,0,0,0,0,0,0,0,0,0,0,0
14,990621,2,0,1,0,0,0,0,0,0,0,0,0,0,0,0
1,990975,2,0,1,0,0,0,0,0,0,0,0,0,0,0,0
8,991026,2,0,1,0,0,0,0,0,0,0,0,0,0,0,0
5,991204,2,0,1,0,0,0,0,0,0,0,0,0,0,0,0
11,992076,2,0,1,0,0,0,0,0,0,0,0,0,0,0,0
11,992929,2,0,1,0,0,0,0,0,0,0,0,0,0,0,0
2,994980,2,0,1,0,0,0,0,0,0,0,0,0,0,0,0
4,995017,2,0,1,0,0,0,0,0,0,0,0,0,0,0,0
8,995633,2,0,1,0,0,0,0,0,0,0,0,0,0,0,0
2,995708,2,0,1,0,0,0,0,0,0,0,0,0,0,0,0
3,997341,2,0,1,0,0,0,0,0,0,0,0,0,0,0,0
13,998292,2,0,1,0,0,0,0,0,0,0,0,0,0,0,0
12,4071,2,0,0,0,0,0,0,0,0,1,0,0,0,0,0
1,4177,2,0,0,0,0,0,0,0,0,1,0,0,0,0,0
15,7749,2,0,0,0,0,0,0,0,0,1,0,0,0,0,0
6,14089,2,0,0,0,0,0,0,0,0,1,0,0,0,0,0
14,15400,2,0,0,0,0,0,0,0,0,1,0,0,0,0,0
2,18247,2,0,0,0,0,0,0,0,0,1,0,0,0,0,0
0,19398,2,0,0,0,0,0,0,0,0,1,0,0,0,0,0
9,21257,2,0,0,0,0,0,0,0,0,1,0,0,0,0,0
12,24200,2,0,0,0,0,0,0,0,0,1,0,0,0,0,0
5,27024,2,0,0,0,0,0,0,0,0,1,0,0,0,0,0
10,33460,2,0,0,0,0,0,0,0,0,1,0,0,0,0,0
6,37705,2,0,0,0,0,0,0,0,0,1,0,0,0,0,0
14,45208,2,0,0,0,0,0,0,0,0,1,0,0,0,0,0
7,48585,2,0,0,0,0,0,0,0,0,1,0,0,0,0,0
2,49699,2,0,0,0,0,0,0,0,0,1,0,0,0,0,0
7,51351,2,0,0,0,0,0,0,0,0,1,0,0,0,0,0
5,59299,2,0,0,0,0,0,0,0,0,1,0,0,0,0,0
10,66057,2,0,0,0,0,0,0,0,0,1,0,0,0,0,0
10,66357,2,0,0,0,0,0,0,0,0,1,0,0,0,0,0
0,67932,2,0,0,0,0,0,0,0,0,1,0,0,0,0,0
14,75031,2,0,0,0,0,0,0,0,0,1,0,0,0,0,0
0,75835,2,0,0,0,0,0,0,0,0,1,0,0,0,0,0
8,84208,2,0,0,0,0,0,0,0,0,1,0,0,0,0,0
11,84271,2,0,0,0,0,0,0,0,0,1,0,0,0,0,0
11,89639,2,0,0,0,0,0,0,0,0,1,0,0,0,0,0
0,89763,2,0,0,0,0,0,0,0,0,1,0,0,0,0,0
7,91058,2,0,0,0,0,0,0,0,0,1,0,0,0,0,0
12,92494,2,0,0,0,0,0,0,0,0,1,0,0,0,0,0
15,108604,2,0,0,0,0,0,0,0,0,1,0,0,0,0,0
9,111497,2,0,0,0,0,0,0,0,0,1,0,0,0,0,0
12,114524,2,0,0,0,0,0,0,0,0,1,0,0,0,0,0
15,114818,2,0,0,0,0,0,0,0,0,1,0,0,0,0,0
6,116620,2,0,0,0,0,0,0,0,0,1,0,0,0,0,0
1,117808,2,0,0,0,0,0,0,0,0,1,0,0,0,0,0
12,128375,2,0,0,0,0,0,0,0,0,1,0,0,0,0,0
7,133484,2,0,0,0,0,0,0,0,0,1,0,0,0,0,0
9,134410,2,0,0,0,0,0,0,0,0,1,0,0,0,0,0
15,137704,2,0,0,0,0,0,0,0,0,1,0,0,0,0,0
0,152949,2,0,0,0,0,0,0,0,0,1,0,0,0,0,0
8,173093,2,0,0,0,0,0,0,0,0,1,0,0,0,0,0
4,175433,2,0,0,0,0,0,0,0,0,1,0,0,0,0,0
6,177698,2,0,0,0,0,0,0,0,0,1,0,0,0,0,0
4,180253,2,0,0,0,0,0,0,0,0,1,0,0,0,0,0
4,181063,2,0,0,0,0,0,0,0,0,1,0,0,0,0,0
2,183796,2,0,0,0,0,0,0,0,0,1,0,0,0,0,0
11,190702,2,0,0,0,0,0,0,0,0,1,0,0,0,0,0
3,194515,2,0,0,0,0,0,0,0,0,1,0,0,0,0,0
13,197740,2,0,0,0,0,0,0,0,0,1,0,0,0,0,0
5,203161,2,0,0,0,0,0,0,0,0,1,0,0,0,0,0
7,205084,2,0,0,0,0,0,0,0,0,1,0,0,0,0,0
8,207094,2,0,0,0,0,0,0,0,0,1,0,0,0,0,0
14,207611,2,0,0,0,0,0,0,0,0,1,0,0,0,0,0
2,210352,2,0,0,0,0,0,0,0,0,1,0,0,0,0,0
11,214762,2,0,0,0,0,0,0,0,0,1,0,0,0,0,0
2,215582,2,0,0,0,0,0,0,0,0,1,0,0,0,0,0
1,222180,2,0,0,0,0,0,0,0,0,1,0,0,0,0,0
11,223132,2,0,0,0,0,0,0,0,0,1,0,0,0,0,0
0,225843,2,0,0,0,0,0,0,0,0,1,0,0,0,0,0
7,232224,2,0,0,0,0,0,0,0,0,1,0,0,0,0,0
0,235194,2,0,0,0,0,0,0,0,0,1,0,0,0,0,0
10,236679,2,0,0,0,0,0,0,0,0,1,0,0,0,0,0
10,239249,2,0,0,0,0,0,0,0,0,1,0,0,0,0,0
5,241878,2,0,0,0,0,0,0,0,0,1,0,0,0,0,0
15,242773,2,0,0,0,0,0,0,0,0,1,0,0,0,0,0
1,245419,2,0,0,0,0,0,0,0,0,1,0,0,0,0,0
7,249805,2,0,0,0,0,0,0,0,0,1,0,0,0,0,0
13,252622,2,0,0,0,0,0,0,0,0,1,0,0,0,0,0
4,253614,2,0,0,0,0,0,0,0,0,1,0,0,0,0,0
3,255269,2,0,0,0,0,0,0,0,0,1,0,0,0,0,0
5,259373,2,0,0,0,0,0,0,0,0,1,0,0,0,0,0
4,259393,2,0,0,0,0,0,0,0,0,1,0,0,0,0,0
6,262628,2,0,0,0,0,0,0,0,0,1,0,0,0,0,0
15,263760,2,0,0,0,0,0,0,0,0,1,0,0,0,0,0
9,268398,2,0,0,0,0,0,0,0,0,1,0,0,0,0,0
14,270251,2,0,0,0,0,0,0,0,0,1,0,0,0,0,0
1,270579,2,0,0,0,0,0,0,0,0,1,0,0,0,0,0
10,271042,2,0,0,0,0,0,0,0,0,1,0,0,0,0,0
2,277800,2,0,0,0,0,0,0,0,0,1,0,0,0,0,0
7,280448,2,0,0,0,0,0,0,0,0,1,0,0,0,0,0
4,282790,2,0,0,0,0,0,0,0,0,1,0,0,0,0,0
10,283702,2,0,0,0,0,0,0,0,0,1,0,0,0,0,0
7,289074,2,0,0,0,0,0,0,0,0,1,0,0,0,0,0
6,298007,2,0,0,0,0,0,0,0,0,1,0,0,0,0,0
3,298084,2,0,0,0,0,0,0,0,0,1,0,0,0,0,0
8,298991,2,0,0,0,0,0,0,0,0,1,0,0,0,0,0
15,301528,2,0,0,0,0,0,0,0,0,1,0,0,0,0,0
2,303883,2,0,0,0,0,0,0,0,0,1,0,0,0,0,0
12,304201,2,0,0,0,0,0,0,0,0,1,0,0,0,0,0
5,314871,2,0,0,0,0,0,0,0,0,1,0,0,0,0,0
10,315679,2,0,0,0,0,0,0,0,0,1,0,0,0,0,0
12,317323,2,0,0,0,0,0,0,0,0,1,0,0,0,0,0
2,318124,2,0,0,0,0,0,0,0,0,1,0,0,0,0,0
9,318874,2,0,0,0,0,0,0,0,0,1,0,0,0,0,0
11,320400,2,0,0,0,0,0,0,0,0,1,0,0,0,0,0
4,320434,2,0,0,0,0,0,0,0,0,1,0,0,0,0,0
3,323083,2,0,0,0,0,0,0,0,0,1,0,0,0,0,0
11,328147,2,0,0,0,0,0,0,0,0,1,0,0,0,0,0
13,329412,2,0,0,0,0,0,0,0,0,1,0,0,0,0,0
10,332691,2,0,0,0,0,0,0,0,0,1,0,0,0,0,0
7,338678,2,0,0,0,0,0,0,0,0,1,0,0,0,0,0
4,340377,2,0,0,0,0,0,0,0,0,1,0,0,0,0,0
4,346082,2,0,0,0,0,0,0,0,0,1,0,0,0,0,0
7,351696,2,0,0,0,0,0,0,0,0,1,0,0,0,0,0
1,354192,2,0,0,0,0,0,0,0,0,1,0,0,0,0,0
4,356969,2,0,0,0,0,0,0,0,0,1,0,0,0,0,0
11,363929,2,0,0,0,0,0,0,0,0,1,0,0,0,0,0
12,365245,2,0,0,0,0,0,0,0,0,1,0,0,0,0,0
2,366889,2,0,0,0,0,0,0,0,0,1,0,0,0,0,0
5,367076,2,0,0,0,0,0,0,0,0,1,0,0,0,0,0
14,376160,2,0,0,0,0,0,0,0,0,1,0,0,0,0,0
3,376801,2,0,0,0,0,0,0,0,0,1,0,0,0,0,0
3,377304,2,0,0,0,0,0,0,0,0,1,0,0,0,0,0
12,377815,2,0,0,0,0,0,0,0,0,1,0,0,0,0,0
6,378674,2,0,0,0,0,0,0,0,0,1,0,0,0,0,0
8,379332,2,0,0,0,0,0,0,0,0,1,0,0,0,0,0
5,381935,2,0,0,0,0,0,0,0,0,1,0,0,0,0,0
13,384846,2,0,0,0,0,0,0,0,0,1,0,0,0,0,0
14,385495,2,0,0,0,0,0,0,0,0,1,0,0,0,0,0
2,388990,2,0,0,0,0,0,0,0,0,1,0,0,0,0,0
14,394116,2,0,0,0,0,0,0,0,0,1,0,0,0,0,0
15,395117,2,0,0,0,0,0,0,0,0,1,0,0,0,0,0
6,400396,2,0,0,0,0,0,0,0,0,1,0,0,0,0,0
2,408345,2,0,0,0,0,0,0,0,0,1,0,0,0,0,0
4,410094,2,0,0,0,0,0,0,0,0,1,0,0,0,0,0
10,418715,2,0,0,0,0,0,0,0,0,1,0,0,0,0,0
8,421169,2,0,0,0,0,0,0,0,0,1,0,0,0,0,0
6,429025,2,0,0,0,0,0,0,0,0,1,0,0,0,0,0
5,429107,2,0,0,0,0,0,0,0,0,1,0,0,0,0,0
11,429578,2,0,0,0,0,0,0,0,0,1,0,0,0,0,0
0,433019,2,0,0,0,0,0,0,0,0,1,0,0,0,0,0
2,433103,2,0,0,0,0,0,0,0,0,1,0,0,0,0,0
8,437789,2,0,0,0,0,0,0,0,0,1,0,0,0,0,0
10,438606,2,0,0,0,0,0,0,0,0,1,0,0,0,0,0
10,438865,2,0,0,0,0,0,0,0,0,1,0,0,0,0,0
1,442734,2,0,0,0,0,0,0,0,0,1,0,0,0,0,0
10,443846,2,0,0,0,0,0,0,0,0,1,0,0,0,0,0
5,444729,2,0,0,0,0,0,0,0,0,1,0,0,0,0,0
9,447440,2,0,0,0,0,0,0,0,0,1,0,0,0,0,0
11,454441,2,0,0,0,0,0,0,0,0,1,0,0,0,0,0
2,467111,2,0,0,0,0,0,0,0,0,1,0,0,0,0,0
4,469993,2,0,0,0,0,0,0,0,0,1,0,0,0,0,0
15,471047,2,0,0,0,0,0,0,0,0,1,0,0,0,0,0
11,473782,2,0,0,0,0,0,0,0,0,1,0,0,0,0,0
6,482692,2,0,0,0,0,0,0,0,0,1,0,0,0,0,0
1,484944,2,0,0,0,0,0,0,0,0,1,0,0,0,0,0
3,485217,2,0,0,0,0,0,0,0,0,1,0,0,0,0,0
8,487905,2,0,0,0,0,0,0,0,0,1,0,0,0,0,0
0,489800,2,0,0,0,0,0,0,0,0,1,0,0,0,0,0
3,494090,2,0,0,0,0,0,0,0,0,1,0,0,0,0,0
12,497497,2,0,0,0,0,0,0,0,0,1,0,0,0,0,0
2,498115,2,0,0,0,0,0,0,0,0,1,0,0,0,0,0
1,501273,2,0,0,0,0,0,0,0,0,1,0,0,0,0,0
3,503918,2,0,0,0,0,0,0,0,0,1,0,0,0,0,0
13,507936,2,0,0,0,0,0,0,0,0,1,0,0,0,0,0
0,516933,2,0,0,0,0,0,0,0,0,1,0,0,0,0,0
6,517155,2,0,0,0,0,0,0,0,0,1,0,0,0,0,0
13,519440,2,0,0,0,0,0,0,0,0,1,0,0,0,0,0
5,532691,2,0,0,0,0,0,0,0,0,1,0,0,0,0,0
3,537968,2,0,0,0,0,0,0,0,0,1,0,0,0,0,0
13,540354,2,0,0,0,0,0,0,0,0,1,0,0,0,0,0
9,543114,2,0,0,0,0,0,0,0,0,1,0,0,0,0,0
15,544967,2,0,0,0,0,0,0,0,0,1,0,0,0,0,0
4,548921,2,0,0,0,0,0,0,0,0,1,0,0,0,0,0
6,551966,2,0,0,0,0,0,0,0,0,1,0,0,0,0,0
13,554263,2,0,0,0,0,0,0,0,0,1,0,0,0,0,0
1,557036,2,0,0,0,0,0,0,0,0,1,0,0,0,0,0
9,560922,2,0,0,0,0,0,0,0,0,1,0,0,0,0,0
12,563810,2,0,0,0,0,0,0,0,0,1,0,0,0,0,0
11,567250,2,0,0,0,0,0,0,0,0,1,0,0,0,0,0
2,569139,2,0,0,0,0,0,0,0,0,1,0,0,0,0,0
10,580716,2,0,0,0,0,0,0,0,0,1,0,0,0,0,0
11,580893,2,0,0,0,0,0,0,0,0,1,0,0,0,0,0
12,581590,2,0,0,0,0,0,0,0,0,1,0,0,0,0,0
3,584089,2,0,0,0,0,0,0,0,0,1,0,0,0,0,0
14,585956,2,0,0,0,0,0,0,0,0,1,0,0,0,0,0
0,586993,2,0,0,0,0,0,0,0,0,1,0,0,0,0,0
15,599288,2,0,0,0,0,0,0,0,0,1,0,0,0,0,0
9,601014,2,0,0,0,0,0,0,0,0,1,0,0,0,0,0
14,601104,2,0,0,0,0,0,0,0,0,1,0,0,0,0,0
13,601143,2,0,0,0,0,0,0,0,0,1,0,0,0,0,0
14,601302,2,0,0,0,0,0,0,0,0,1,0,0,0,0,0
2,603287,2,0,0,0,0,0,0,0,0,1,0,0,0,0,0
1,603762,2,0,0,0,0,0,0,0,0,1,0,0,0,0,0
5,619726,2,0,0,0,0,0,0,0,0,1,0,0,0,0,0
0,621246,2,0,0,0,0,0,0,0,0,1,0,0,0,0,0
11,622738,2,0,0,0,0,0,0,0,0,1,0,0,0,0,0
15,623614,2,0,0,0,0,0,0,0,0,1,0,0,0,0,0
12,624177,2,0,0,0,0,0,0,0,0,1,0,0,0,0,0
6,626599,2,0,0,0,0,0,0,0,0,1,0,0,0,0,0
0,627388,2,0,0,0,0,0,0,0,0,1,0,0,0,0,0
11,628256,2,0,0,0,0,0,0,0,0,1,0,0,0,0,0
2,631438,2,0,0,0,0,0,0,0,0,1,0,0,0,0,0
1,637304,2,0,0,0,0,0,0,0,0,1,0,0,0,0,0
11,641464,2,0,0,0,0,0,0,0,0,1,0,0,0,0,0
8,642621,2,0,0,0,0,0,0,0,0,1,0,0,0,0,0
8,646734,2,0,0,0,0,0,0,0,0,1,0,0,0,0,0
11,653084,2,0,0,0,0,0,0,0,0,1,0,0,0,0,0
1,658678,2,0,0,0,0,0,0,0,0,1,0,0,0,0,0
0,659506,2,0,0,0,0,0,0,0,0,1,0,0,0,0,0
15,661118,2,0,0,0,0,0,0,0,0,1,0,0,0,0,0
2,662166,2,0,0,0,0,0,0,0,0,1,0,0,0,0,0
11,665472,2,0,0,0,0,0,0,0,0,1,0,0,0,0,0
4,666907,2,0,0,0,0,0,0,0,0,1,0,0,0,0,0
1,672972,2,0,0,0,0,0,0,0,0,1,0,0,0,0,0
10,675221,2,0,0,0,0,0,0,0,0,1,0,0,0,0,0
10,677128,2,0,0,0,0,0,0,0,0,1,0,0,0,0,0
1,681780,2,0,0,0,0,0,0,0,0,1,0,0,0,0,0
11,687753,2,0,0,0,0,0,0,0,0,1,0,0,0,0,0
12,690061,2,0,0,0,0,0,0,0,0,1,0,0,0,0,0
1,691678,2,0,0,0,0,0,0,0,0,1,0,0,0,0,0
0,691841,2,0,0,0,0,0,0,0,0,1,0,0,0,0,0
10,693072,2,0,0,0,0,0,0,0,0,1,0,0,0,0,0
0,695002,2,0,0,0,0,0,0,0,0,1,0,0,0,0,0
10,697893,2,0,0,0,0,0,0,0,0,1,0,0,0,0,0
11,699801,2,0,0,0,0,0,0,0,0,1,0,0,0,0,0
9,701484,2,0,0,0,0,0,0,0,0,1,0,0,0,0,0
1,704242,2,0,0,0,0,0,0,0,0,1,0,0,0,0,0
9,704940,2,0,0,0,0,0,0,0,0,1,0,0,0,0,0
1,707840,2,0,0,0,0,0,0,0,0,1,0,0,0,0,0
6,708026,2,0,0,0,0,0,0,0,0,1,0,0,0,0,0
11,708065,2,0,0,0,0,0,0,0,0,1,0,0,0,0,0
1,709634,2,0,0,0,0,0,0,0,0,1,0,0,0,0,0
15,738568,2,0,0,0,0,0,0,0,0,1,0,0,0,0,0
8,741694,2,0,0,0,0,0,0,0,0,1,0,0,0,0,0
15,748413,2,0,0,0,0,0,0,0,0,1,0,0,0,0,0
8,758725,2,0,0,0,0,0,0,0,0,1,0,0,0,0,0
15,773003,2,0,0,0,0,0,0,0,0,1,0,0,0,0,0
4,773749,2,0,0,0,0,0,0,0,0,1,0,0,0,0,0
3,778059,2,0,0,0,0,0,0,0,0,1,0,0,0,0,0
14,784206,2,0,0,0,0,0,0,0,0,1,0,0,0,0,0
6,790204,2,0,0,0,0,0,0,0,0,1,0,0,0,0,0
15,794044,2,0,0,0,0,0,0,0,0,1,0,0,0,0,0
3,796090,2,0,0,0,0,0,0,0,0,1,0,0,0,0,0
0,800544,2,0,0,0,0,0,0,0,0,1,0,0,0,0,0
1,802509,2,0,0,0,0,0,0,0,0,1,0,0,0,0,0
0,804062,2,0,0,0,0,0,0,0,0,1,0,0,0,0,0
8,805184,2,0,0,0,0,0,0,0,0,1,0,0,0,0,0
14,811075,2,0,0,0,0,0,0,0,0,1,0,0,0,0,0
15,813745,2,0,0,0,0,0,0,0,0,1,0,0,0,0,0
4,817553,2,0,0,0,0,0,0,0,0,1,0,0,0,0,0
2,821091,2,0,0,0,0,0,0,0,0,1,0,0,0,0,0
11,826831,2,0,0,0,0,0,0,0,0,1,0,0,0,0,0
13,827582,2,0,0,0,0,0,0,0,0,1,0,0,0,0,0
12,831715,2,0,0,0,0,0,0,0,0,1,0,0,0,0,0
6,834193,2,0,0,0,0,0,0,0,0,1,0,0,0,0,0
10,845390,2,0,0,0,0,0,0,0,0,1,0,0,0,0,0
1,846474,2,0,0,0,0,0,0,0,0,1,0,0,0,0,0
1,847327,2,0,0,0,0,0,0,0,0,1,0,0,0,0,0
15,851306,2,0,0,0,0,0,0,0,0,1,0,0,0,0,0
14,853019,2,0,0,0,0,0,0,0,0,1,0,0,0,0,0
2,853468,2,0,0,0,0,0,0,0,0,1,0,0,0,0,0
0,855640,2,0,0,0,0,0,0,0,0,1,0,0,0,0,0
6,855861,2,0,0,0,0,0,0,0,0,1,0,0,0,0,0
15,857830,2,0,0,0,0,0,0,0,0,1,0,0,0,0,0
15,859730,2,0,0,0,0,0,0,0,0,1,0,0,0,0,0
5,865941,2,0,0,0,0,0,0,0,0,1,0,0,0,0,0
10,867610,2,0,0,0,0,0,0,0,0,1,0,0,0,0,0
3,871995,2,0,0,0,0,0,0,0,0,1,0,0,0,0,0
4,875086,2,0,0,0,0,0,0,0,0,1,0,0,0,0,0
4,875826,2,0,0,0,0,0,0,0,0,1,0,0,0,0,0
10,877340,2,0,0,0,0,0,0,0,0,1,0,0,0,0,0
12,882613,2,0,0,0,0,0,0,0,0,1,0,0,0,0,0
8,884101,2,0,0,0,0,0,0,0,0,1,0,0,0,0,0
2,885500,2,0,0,0,0,0,0,0,0,1,0,0,0,0,0
12,888146,2,0,0,0,0,0,0,0,0,1,0,0,0,0,0
1,891888,2,0,0,0,0,0,0,0,0,1,0,0,0,0,0
4,899936,2,0,0,0,0,0,0,0,0,1,0,0,0,0,0
5,900315,2,0,0,0,0,0,0,0,0,1,0,0,0,0,0
14,905171,2,0,0,0,0,0,0,0,0,1,0,0,0,0,0
11,913298,2,0,0,0,0,0,0,0,0,1,0,0,0,0,0
9,922441,2,0,0,0,0,0,0,0,0,1,0,0,0,0,0
5,922797,2,0,0,0,0,0,0,0,0,1,0,0,0,0,0
7,929209,2,0,0,0,0,0,0,0,0,1,0,0,0,0,0
2,935332,2,0,0,0,0,0,0,0,0,1,0,0,0,0,0
6,936438,2,0,0,0,0,0,0,0,0,1,0,0,0,0,0
2,936440,2,0,0,0,0,0,0,0,0,1,0,0,0,0,0
14,938033,2,0,0,0,0,0,0,0,0,1,0,0,0,0,0
6,938804,2,0,0,0,0,0,0,0,0,1,0,0,0,0,0
10,939480,2,0,0,0,0,0,0,0,0,1,0,0,0,0,0
8,941410,2,0,0,0,0,0,0,0,0,1,0,0,0,0,0
14,952057,2,0,0,0,0,0,0,0,0,1,0,0,0,0,0
4,957934,2,0,0,0,0,0,0,0,0,1,0,0,0,0,0
3,960858,2,0,0,0,0,0,0,0,0,1,0,0,0,0,0
8,961030,2,0,0,0,0,0,0,0,0,1,0,0,0,0,0
8,961826,2,0,0,0,0,0,0,0,0,1,0,0,0,0,0
12,962433,2,0,0,0,0,0,0,0,0,1,0,0,0,0,0
9,965300,2,0,0,0,0,0,0,0,0,1,0,0,0,0,0
4,966299,2,0,0,0,0,0,0,0,0,1,0,0,0,0,0
0,968164,2,0,0,0,0,0,0,0,0,1,0,0,0,0,0
2,980160,2,0,0,0,0,0,0,0,0,1,0,0,0,0,0
13,981362,2,0,0,0,0,0,0,0,0,1,0,0,0,0,0
12,981703,2,0,0,0,0,0,0,0,0,1,0,0,0,0,0
10,982157,2,0,0,0,0,0,0,0,0,1,0,0,0,0,0
7,989040,2,0,0,0,0,0,0,0,0,1,0,0,0,0,0
11,994031,2,0,0,0,0,0,0,0,0,1,0,0,0,0,0
4,994195,2,0,0,0,0,0,0,0,0,1,0,0,0,0,0
